id,firstname,lastname,email,email2,profession,birthdate
100,Janenna,Nance,Janenna.Nance@yopmail.com,Janenna.Nance@gmail.com,worker,2007-03-28
101,Lulita,Bryna,Lulita.Bryna@yopmail.com,Lulita.Bryna@gmail.com,worker,2006-03-30
102,Fidelia,Avi,Fidelia.Avi@yopmail.com,Fidelia.Avi@gmail.com,worker,1990-03-21
103,Kayla,Devlen,Kayla.Devlen@yopmail.com,Kayla.Devlen@gmail.com,doctor,1910-10-28
104,Rosabelle,Lesley,Rosabelle.Lesley@yopmail.com,Rosabelle.Lesley@gmail.com,police officer,2003-10-24
105,Tracey,Alrich,Tracey.Alrich@yopmail.com,Tracey.Alrich@gmail.com,worker,1988-03-12
106,Kelly,Heisel,Kelly.Heisel@yopmail.com,Kelly.Heisel@gmail.com,police officer,1959-08-10
107,Dianemarie,Zola,Dianemarie.Zola@yopmail.com,Dianemarie.Zola@gmail.com,doctor,1972-06-30
108,Mallory,Eachern,Mallory.Eachern@yopmail.com,Mallory.Eachern@gmail.com,firefighter,1907-09-28
109,Melodie,Brackely,Melodie.Brackely@yopmail.com,Melodie.Brackely@gmail.com,developer,1930-12-05
110,Basia,Darrell,Basia.Darrell@yopmail.com,Basia.Darrell@gmail.com,firefighter,1972-09-28
111,Ashlee,Morehouse,Ashlee.Morehouse@yopmail.com,Ashlee.Morehouse@gmail.com,doctor,1981-02-03
112,Gusty,Alisia,Gusty.Alisia@yopmail.com,Gusty.Alisia@gmail.com,firefighter,1940-10-19
113,Brooks,Bluh,Brooks.Bluh@yopmail.com,Brooks.Bluh@gmail.com,police officer,2006-03-29
114,Arabel,Maryanne,Arabel.Maryanne@yopmail.com,Arabel.Maryanne@gmail.com,firefighter,1941-01-09
115,Roslyn,Granoff,Roslyn.Granoff@yopmail.com,Roslyn.Granoff@gmail.com,doctor,1950-03-08
116,Vanessa,Lewes,Vanessa.Lewes@yopmail.com,Vanessa.Lewes@gmail.com,worker,1989-01-31
117,Aimil,Fleeta,Aimil.Fleeta@yopmail.com,Aimil.Fleeta@gmail.com,firefighter,1982-03-21
118,Madelle,Vernier,Madelle.Vernier@yopmail.com,Madelle.Vernier@gmail.com,developer,1988-12-01
119,Lanna,Demitria,Lanna.Demitria@yopmail.com,Lanna.Demitria@gmail.com,police officer,1942-12-17
120,Max,Docilla,Max.Docilla@yopmail.com,Max.Docilla@gmail.com,doctor,1989-07-02
121,Alia,Roche,Alia.Roche@yopmail.com,Alia.Roche@gmail.com,doctor,1933-01-13
122,Cristabel,Ezar,Cristabel.Ezar@yopmail.com,Cristabel.Ezar@gmail.com,worker,1973-08-20
123,Annaliese,Marcellus,Annaliese.Marcellus@yopmail.com,Annaliese.Marcellus@gmail.com,developer,1949-03-27
124,Cyndie,Goldina,Cyndie.Goldina@yopmail.com,Cyndie.Goldina@gmail.com,developer,1968-06-21
125,Ayn,Bronk,Ayn.Bronk@yopmail.com,Ayn.Bronk@gmail.com,doctor,1957-01-25
126,Averyl,Abram,Averyl.Abram@yopmail.com,Averyl.Abram@gmail.com,worker,1902-08-21
127,Ketti,Kolnick,Ketti.Kolnick@yopmail.com,Ketti.Kolnick@gmail.com,developer,2002-03-12
128,Nickie,Iiette,Nickie.Iiette@yopmail.com,Nickie.Iiette@gmail.com,police officer,1940-04-05
129,Esmeralda,Olin,Esmeralda.Olin@yopmail.com,Esmeralda.Olin@gmail.com,firefighter,1957-09-20
130,Layla,Ledah,Layla.Ledah@yopmail.com,Layla.Ledah@gmail.com,developer,1996-05-10
131,Christy,Kirstin,Christy.Kirstin@yopmail.com,Christy.Kirstin@gmail.com,developer,1984-01-24
132,Andree,Mitzi,Andree.Mitzi@yopmail.com,Andree.Mitzi@gmail.com,doctor,1917-10-21
133,Glynnis,Randene,Glynnis.Randene@yopmail.com,Glynnis.Randene@gmail.com,police officer,1942-09-20
134,Maridel,Anselmi,Maridel.Anselmi@yopmail.com,Maridel.Anselmi@gmail.com,firefighter,1914-01-31
135,Lisette,Cleavland,Lisette.Cleavland@yopmail.com,Lisette.Cleavland@gmail.com,doctor,1964-03-18
136,Carol-Jean,Kare,Carol-Jean.Kare@yopmail.com,Carol-Jean.Kare@gmail.com,doctor,1991-12-13
137,Kenna,Egbert,Kenna.Egbert@yopmail.com,Kenna.Egbert@gmail.com,developer,1981-01-28
138,Diena,Emanuel,Diena.Emanuel@yopmail.com,Diena.Emanuel@gmail.com,firefighter,1909-02-25
139,Rosanne,Reneta,Rosanne.Reneta@yopmail.com,Rosanne.Reneta@gmail.com,firefighter,1983-06-07
140,Evita,Ammann,Evita.Ammann@yopmail.com,Evita.Ammann@gmail.com,doctor,1923-01-11
141,Viviene,Keelia,Viviene.Keelia@yopmail.com,Viviene.Keelia@gmail.com,doctor,2009-06-26
142,Tatiania,Pauly,Tatiania.Pauly@yopmail.com,Tatiania.Pauly@gmail.com,police officer,1913-01-23
143,Yvonne,Fitzsimmons,Yvonne.Fitzsimmons@yopmail.com,Yvonne.Fitzsimmons@gmail.com,developer,1975-01-16
144,Dotty,Leopold,Dotty.Leopold@yopmail.com,Dotty.Leopold@gmail.com,police officer,1923-02-25
145,Roberta,Allina,Roberta.Allina@yopmail.com,Roberta.Allina@gmail.com,worker,1972-04-13
146,Dania,Bahr,Dania.Bahr@yopmail.com,Dania.Bahr@gmail.com,developer,1942-02-17
147,Allyce,Virgin,Allyce.Virgin@yopmail.com,Allyce.Virgin@gmail.com,worker,1994-10-06
148,Vinita,Carbo,Vinita.Carbo@yopmail.com,Vinita.Carbo@gmail.com,developer,1945-11-28
149,Maisey,Seagraves,Maisey.Seagraves@yopmail.com,Maisey.Seagraves@gmail.com,police officer,1948-07-12
150,Maud,Zeeba,Maud.Zeeba@yopmail.com,Maud.Zeeba@gmail.com,firefighter,1917-12-25
151,Jany,Malvino,Jany.Malvino@yopmail.com,Jany.Malvino@gmail.com,worker,1901-06-13
152,Judy,Simmonds,Judy.Simmonds@yopmail.com,Judy.Simmonds@gmail.com,worker,1925-04-13
153,Kaja,Bibi,Kaja.Bibi@yopmail.com,Kaja.Bibi@gmail.com,developer,1937-09-01
154,Mariele,Delacourt,Mariele.Delacourt@yopmail.com,Mariele.Delacourt@gmail.com,worker,1943-01-29
155,Marylou,Infield,Marylou.Infield@yopmail.com,Marylou.Infield@gmail.com,doctor,1971-09-01
156,Shirlee,Cassius,Shirlee.Cassius@yopmail.com,Shirlee.Cassius@gmail.com,worker,1912-09-16
157,Janey,Paton,Janey.Paton@yopmail.com,Janey.Paton@gmail.com,firefighter,1921-12-09
158,Lynnea,Brenn,Lynnea.Brenn@yopmail.com,Lynnea.Brenn@gmail.com,doctor,1975-06-29
159,Ketti,Bandeen,Ketti.Bandeen@yopmail.com,Ketti.Bandeen@gmail.com,worker,1902-10-27
160,Tina,Jenness,Tina.Jenness@yopmail.com,Tina.Jenness@gmail.com,worker,1979-02-23
161,Merci,Marden,Merci.Marden@yopmail.com,Merci.Marden@gmail.com,developer,1994-10-24
162,Ariela,Marisa,Ariela.Marisa@yopmail.com,Ariela.Marisa@gmail.com,police officer,1911-08-04
163,Lonnie,Harl,Lonnie.Harl@yopmail.com,Lonnie.Harl@gmail.com,worker,1955-05-05
164,Fanchon,Wadell,Fanchon.Wadell@yopmail.com,Fanchon.Wadell@gmail.com,developer,2011-06-02
165,Regina,Pernick,Regina.Pernick@yopmail.com,Regina.Pernick@gmail.com,developer,1911-09-05
166,Joelly,Bakerman,Joelly.Bakerman@yopmail.com,Joelly.Bakerman@gmail.com,worker,1984-04-30
167,Sarette,Cordi,Sarette.Cordi@yopmail.com,Sarette.Cordi@gmail.com,developer,1966-01-19
168,Florie,Ralfston,Florie.Ralfston@yopmail.com,Florie.Ralfston@gmail.com,worker,1987-07-14
169,Jenda,Nicoline,Jenda.Nicoline@yopmail.com,Jenda.Nicoline@gmail.com,worker,1936-01-05
170,Cathyleen,Ax,Cathyleen.Ax@yopmail.com,Cathyleen.Ax@gmail.com,doctor,1923-06-21
171,Elie,Marisa,Elie.Marisa@yopmail.com,Elie.Marisa@gmail.com,doctor,2006-07-24
172,Rivalee,Clarissa,Rivalee.Clarissa@yopmail.com,Rivalee.Clarissa@gmail.com,developer,1926-03-07
173,Amalie,Hepsibah,Amalie.Hepsibah@yopmail.com,Amalie.Hepsibah@gmail.com,worker,2011-09-21
174,Diena,Tryck,Diena.Tryck@yopmail.com,Diena.Tryck@gmail.com,firefighter,1929-07-13
175,Luci,Schwejda,Luci.Schwejda@yopmail.com,Luci.Schwejda@gmail.com,doctor,1905-02-10
176,Tiffie,Gino,Tiffie.Gino@yopmail.com,Tiffie.Gino@gmail.com,firefighter,1965-01-08
177,Iseabal,Ashok,Iseabal.Ashok@yopmail.com,Iseabal.Ashok@gmail.com,developer,1922-05-20
178,Catrina,Kress,Catrina.Kress@yopmail.com,Catrina.Kress@gmail.com,police officer,2001-05-30
179,Mara,Mata,Mara.Mata@yopmail.com,Mara.Mata@gmail.com,police officer,1969-10-04
180,Karena,Cynar,Karena.Cynar@yopmail.com,Karena.Cynar@gmail.com,police officer,1957-08-28
181,Clo,Cadmar,Clo.Cadmar@yopmail.com,Clo.Cadmar@gmail.com,developer,1994-06-02
182,Lila,Marijo,Lila.Marijo@yopmail.com,Lila.Marijo@gmail.com,worker,1987-03-02
183,Cherilyn,Dominy,Cherilyn.Dominy@yopmail.com,Cherilyn.Dominy@gmail.com,doctor,2018-07-02
184,Henriette,Magnolia,Henriette.Magnolia@yopmail.com,Henriette.Magnolia@gmail.com,police officer,1930-12-27
185,Konstance,Fax,Konstance.Fax@yopmail.com,Konstance.Fax@gmail.com,firefighter,1997-07-28
186,Joleen,O'Neill,Joleen.O'Neill@yopmail.com,Joleen.O'Neill@gmail.com,doctor,1913-10-05
187,Stacey,Atonsah,Stacey.Atonsah@yopmail.com,Stacey.Atonsah@gmail.com,developer,1930-09-09
188,Hayley,Stefa,Hayley.Stefa@yopmail.com,Hayley.Stefa@gmail.com,worker,1970-02-26
189,Lusa,Lipson,Lusa.Lipson@yopmail.com,Lusa.Lipson@gmail.com,firefighter,1927-07-04
190,Kirstin,Winnick,Kirstin.Winnick@yopmail.com,Kirstin.Winnick@gmail.com,worker,1939-07-28
191,Wilma,Concha,Wilma.Concha@yopmail.com,Wilma.Concha@gmail.com,firefighter,1940-09-27
192,Oona,Sidonius,Oona.Sidonius@yopmail.com,Oona.Sidonius@gmail.com,worker,1942-06-12
193,Tomasina,Magnolia,Tomasina.Magnolia@yopmail.com,Tomasina.Magnolia@gmail.com,developer,1919-04-08
194,Dianemarie,Poll,Dianemarie.Poll@yopmail.com,Dianemarie.Poll@gmail.com,doctor,1970-10-17
195,Shaine,Velick,Shaine.Velick@yopmail.com,Shaine.Velick@gmail.com,developer,1916-09-20
196,Steffane,Tamsky,Steffane.Tamsky@yopmail.com,Steffane.Tamsky@gmail.com,worker,1963-04-24
197,Konstance,Letsou,Konstance.Letsou@yopmail.com,Konstance.Letsou@gmail.com,police officer,1957-10-10
198,Nicoli,Moina,Nicoli.Moina@yopmail.com,Nicoli.Moina@gmail.com,doctor,1990-09-16
199,Siana,Haldas,Siana.Haldas@yopmail.com,Siana.Haldas@gmail.com,doctor,1900-08-19
200,Kristan,Trey,Kristan.Trey@yopmail.com,Kristan.Trey@gmail.com,worker,1983-02-11
201,Ileana,Odell,Ileana.Odell@yopmail.com,Ileana.Odell@gmail.com,developer,1933-02-22
202,Correy,Standing,Correy.Standing@yopmail.com,Correy.Standing@gmail.com,worker,1931-05-31
203,Chastity,Carbo,Chastity.Carbo@yopmail.com,Chastity.Carbo@gmail.com,worker,1911-12-27
204,Adore,Reinke,Adore.Reinke@yopmail.com,Adore.Reinke@gmail.com,firefighter,1925-09-30
205,Kore,Wiener,Kore.Wiener@yopmail.com,Kore.Wiener@gmail.com,doctor,1939-03-14
206,Clo,Mozelle,Clo.Mozelle@yopmail.com,Clo.Mozelle@gmail.com,firefighter,1922-09-24
207,Jessy,Macey,Jessy.Macey@yopmail.com,Jessy.Macey@gmail.com,worker,1958-08-13
208,Odessa,Yuille,Odessa.Yuille@yopmail.com,Odessa.Yuille@gmail.com,developer,1909-05-30
209,Oralee,Goth,Oralee.Goth@yopmail.com,Oralee.Goth@gmail.com,developer,1947-04-19
210,Lacie,Chandler,Lacie.Chandler@yopmail.com,Lacie.Chandler@gmail.com,police officer,1902-05-01
211,Louella,Afton,Louella.Afton@yopmail.com,Louella.Afton@gmail.com,developer,1906-04-16
212,Ardeen,Selway,Ardeen.Selway@yopmail.com,Ardeen.Selway@gmail.com,doctor,1924-07-08
213,Sheelagh,Ventre,Sheelagh.Ventre@yopmail.com,Sheelagh.Ventre@gmail.com,worker,1934-03-07
214,Demetris,Buttaro,Demetris.Buttaro@yopmail.com,Demetris.Buttaro@gmail.com,doctor,1901-12-10
215,Neila,Regan,Neila.Regan@yopmail.com,Neila.Regan@gmail.com,firefighter,1926-05-31
216,Merrie,Dorcy,Merrie.Dorcy@yopmail.com,Merrie.Dorcy@gmail.com,doctor,1938-08-28
217,Rhea,Yorick,Rhea.Yorick@yopmail.com,Rhea.Yorick@gmail.com,worker,1976-10-18
218,Imojean,Pauly,Imojean.Pauly@yopmail.com,Imojean.Pauly@gmail.com,police officer,1920-07-06
219,Ekaterina,Francene,Ekaterina.Francene@yopmail.com,Ekaterina.Francene@gmail.com,developer,1921-02-16
220,Hyacinthe,Tyson,Hyacinthe.Tyson@yopmail.com,Hyacinthe.Tyson@gmail.com,firefighter,1948-06-02
221,Marguerite,Laurianne,Marguerite.Laurianne@yopmail.com,Marguerite.Laurianne@gmail.com,worker,1961-10-17
222,Konstance,Aldric,Konstance.Aldric@yopmail.com,Konstance.Aldric@gmail.com,worker,1955-07-10
223,Rivalee,Dituri,Rivalee.Dituri@yopmail.com,Rivalee.Dituri@gmail.com,police officer,2004-02-02
224,Fanchon,Gunn,Fanchon.Gunn@yopmail.com,Fanchon.Gunn@gmail.com,developer,1984-09-08
225,Lauryn,Turne,Lauryn.Turne@yopmail.com,Lauryn.Turne@gmail.com,doctor,1918-01-19
226,Babita,Ardra,Babita.Ardra@yopmail.com,Babita.Ardra@gmail.com,doctor,1981-10-16
227,Gabriellia,Kunin,Gabriellia.Kunin@yopmail.com,Gabriellia.Kunin@gmail.com,firefighter,1986-10-08
228,Kristan,Chabot,Kristan.Chabot@yopmail.com,Kristan.Chabot@gmail.com,doctor,2015-09-10
229,Candy,Kolnick,Candy.Kolnick@yopmail.com,Candy.Kolnick@gmail.com,police officer,1984-07-23
230,Daryl,Darbie,Daryl.Darbie@yopmail.com,Daryl.Darbie@gmail.com,firefighter,1937-06-09
231,Lexine,Azeria,Lexine.Azeria@yopmail.com,Lexine.Azeria@gmail.com,police officer,1931-04-18
232,Alia,Greenwald,Alia.Greenwald@yopmail.com,Alia.Greenwald@gmail.com,police officer,1917-11-29
233,Jolyn,Lumbard,Jolyn.Lumbard@yopmail.com,Jolyn.Lumbard@gmail.com,worker,1990-01-10
234,Allis,Gemini,Allis.Gemini@yopmail.com,Allis.Gemini@gmail.com,worker,1937-10-25
235,Annora,Pelagias,Annora.Pelagias@yopmail.com,Annora.Pelagias@gmail.com,firefighter,2002-07-27
236,Rhoda,Hilbert,Rhoda.Hilbert@yopmail.com,Rhoda.Hilbert@gmail.com,firefighter,1985-09-30
237,Merle,Swanhildas,Merle.Swanhildas@yopmail.com,Merle.Swanhildas@gmail.com,firefighter,1985-07-31
238,Chastity,Johanna,Chastity.Johanna@yopmail.com,Chastity.Johanna@gmail.com,firefighter,1922-09-12
239,Imojean,Candy,Imojean.Candy@yopmail.com,Imojean.Candy@gmail.com,worker,1946-07-24
240,Bettine,Kenwood,Bettine.Kenwood@yopmail.com,Bettine.Kenwood@gmail.com,worker,1975-04-30
241,Doro,Hourigan,Doro.Hourigan@yopmail.com,Doro.Hourigan@gmail.com,developer,1986-02-17
242,Karina,Niles,Karina.Niles@yopmail.com,Karina.Niles@gmail.com,police officer,1946-02-25
243,Stephanie,Maxi,Stephanie.Maxi@yopmail.com,Stephanie.Maxi@gmail.com,police officer,1922-08-14
244,Sadie,Rubie,Sadie.Rubie@yopmail.com,Sadie.Rubie@gmail.com,firefighter,1906-03-20
245,Drucie,Love,Drucie.Love@yopmail.com,Drucie.Love@gmail.com,doctor,1950-01-17
246,Cissiee,Melan,Cissiee.Melan@yopmail.com,Cissiee.Melan@gmail.com,worker,1989-03-21
247,Marcy,Matthew,Marcy.Matthew@yopmail.com,Marcy.Matthew@gmail.com,firefighter,1961-07-08
248,Yolane,Peonir,Yolane.Peonir@yopmail.com,Yolane.Peonir@gmail.com,developer,2000-04-30
249,Joy,Tannie,Joy.Tannie@yopmail.com,Joy.Tannie@gmail.com,worker,1998-08-03
250,Sadie,Rodmann,Sadie.Rodmann@yopmail.com,Sadie.Rodmann@gmail.com,doctor,1923-08-14
251,Yetty,Aaberg,Yetty.Aaberg@yopmail.com,Yetty.Aaberg@gmail.com,police officer,1933-01-12
252,Amalie,Dimitris,Amalie.Dimitris@yopmail.com,Amalie.Dimitris@gmail.com,worker,1942-04-11
253,Dyann,Gilbertson,Dyann.Gilbertson@yopmail.com,Dyann.Gilbertson@gmail.com,firefighter,1954-08-09
254,Stephanie,Arne,Stephanie.Arne@yopmail.com,Stephanie.Arne@gmail.com,police officer,1958-07-28
255,Ekaterina,Read,Ekaterina.Read@yopmail.com,Ekaterina.Read@gmail.com,firefighter,2015-09-02
256,Sam,Rad,Sam.Rad@yopmail.com,Sam.Rad@gmail.com,doctor,1986-01-05
257,Ayn,Tamsky,Ayn.Tamsky@yopmail.com,Ayn.Tamsky@gmail.com,firefighter,1965-07-08
258,Ilse,Anderea,Ilse.Anderea@yopmail.com,Ilse.Anderea@gmail.com,developer,1964-01-22
259,Livvyy,Vharat,Livvyy.Vharat@yopmail.com,Livvyy.Vharat@gmail.com,worker,1958-01-20
260,Candy,Thunell,Candy.Thunell@yopmail.com,Candy.Thunell@gmail.com,developer,1952-02-24
261,Philis,Roxanna,Philis.Roxanna@yopmail.com,Philis.Roxanna@gmail.com,police officer,2000-07-15
262,Kellen,Reinke,Kellen.Reinke@yopmail.com,Kellen.Reinke@gmail.com,firefighter,1989-03-03
263,Fanchon,Haymes,Fanchon.Haymes@yopmail.com,Fanchon.Haymes@gmail.com,police officer,2017-01-11
264,Mamie,Brandice,Mamie.Brandice@yopmail.com,Mamie.Brandice@gmail.com,firefighter,1946-02-05
265,Rivalee,Odysseus,Rivalee.Odysseus@yopmail.com,Rivalee.Odysseus@gmail.com,police officer,1955-04-23
266,Brietta,Bartlett,Brietta.Bartlett@yopmail.com,Brietta.Bartlett@gmail.com,worker,1941-08-15
267,Dagmar,Lowry,Dagmar.Lowry@yopmail.com,Dagmar.Lowry@gmail.com,police officer,1903-07-19
268,Philis,Pauly,Philis.Pauly@yopmail.com,Philis.Pauly@gmail.com,police officer,1904-06-05
269,Marita,Vale,Marita.Vale@yopmail.com,Marita.Vale@gmail.com,police officer,1950-02-19
270,Darci,Skurnik,Darci.Skurnik@yopmail.com,Darci.Skurnik@gmail.com,worker,1933-08-21
271,Vita,Noelyn,Vita.Noelyn@yopmail.com,Vita.Noelyn@gmail.com,worker,1918-10-17
272,Courtnay,Susannah,Courtnay.Susannah@yopmail.com,Courtnay.Susannah@gmail.com,worker,1966-04-08
273,Randa,Roumell,Randa.Roumell@yopmail.com,Randa.Roumell@gmail.com,worker,1991-12-08
274,Maryellen,Etom,Maryellen.Etom@yopmail.com,Maryellen.Etom@gmail.com,police officer,1947-09-27
275,Brianna,Tyson,Brianna.Tyson@yopmail.com,Brianna.Tyson@gmail.com,doctor,1984-12-25
276,Lilith,Jillane,Lilith.Jillane@yopmail.com,Lilith.Jillane@gmail.com,developer,1908-03-05
277,Selma,Philipp,Selma.Philipp@yopmail.com,Selma.Philipp@gmail.com,firefighter,2015-06-23
278,Sashenka,Colbert,Sashenka.Colbert@yopmail.com,Sashenka.Colbert@gmail.com,developer,1932-02-29
279,Fina,Barney,Fina.Barney@yopmail.com,Fina.Barney@gmail.com,police officer,1963-09-26
280,Kimmy,Kevon,Kimmy.Kevon@yopmail.com,Kimmy.Kevon@gmail.com,police officer,1960-10-03
281,Orsola,Ahab,Orsola.Ahab@yopmail.com,Orsola.Ahab@gmail.com,developer,1941-05-09
282,Philis,Ilka,Philis.Ilka@yopmail.com,Philis.Ilka@gmail.com,worker,1947-08-25
283,Andree,Malanie,Andree.Malanie@yopmail.com,Andree.Malanie@gmail.com,worker,1966-02-16
284,Sonni,Ietta,Sonni.Ietta@yopmail.com,Sonni.Ietta@gmail.com,worker,1966-11-08
285,Amara,Evangelia,Amara.Evangelia@yopmail.com,Amara.Evangelia@gmail.com,police officer,1922-02-26
286,Zsa Zsa,Lory,Zsa Zsa.Lory@yopmail.com,Zsa Zsa.Lory@gmail.com,police officer,1945-04-06
287,Jordan,Guildroy,Jordan.Guildroy@yopmail.com,Jordan.Guildroy@gmail.com,developer,1947-10-20
288,Wanda,Dash,Wanda.Dash@yopmail.com,Wanda.Dash@gmail.com,police officer,1993-03-25
289,Annora,Dalli,Annora.Dalli@yopmail.com,Annora.Dalli@gmail.com,police officer,2011-04-22
290,Dale,Aaberg,Dale.Aaberg@yopmail.com,Dale.Aaberg@gmail.com,police officer,1963-02-24
291,Lorie,Infield,Lorie.Infield@yopmail.com,Lorie.Infield@gmail.com,developer,1990-04-23
292,Madalyn,Harned,Madalyn.Harned@yopmail.com,Madalyn.Harned@gmail.com,developer,1969-01-19
293,Ayn,Giff,Ayn.Giff@yopmail.com,Ayn.Giff@gmail.com,developer,2016-10-05
294,Raina,Sisile,Raina.Sisile@yopmail.com,Raina.Sisile@gmail.com,doctor,1938-06-07
295,Arlina,Lane,Arlina.Lane@yopmail.com,Arlina.Lane@gmail.com,developer,1975-11-13
296,Florencia,Cullin,Florencia.Cullin@yopmail.com,Florencia.Cullin@gmail.com,doctor,1962-10-22
297,Marsiella,Gaspard,Marsiella.Gaspard@yopmail.com,Marsiella.Gaspard@gmail.com,worker,1999-09-05
298,Aaren,Colbert,Aaren.Colbert@yopmail.com,Aaren.Colbert@gmail.com,worker,1972-01-22
299,Lilith,Belldas,Lilith.Belldas@yopmail.com,Lilith.Belldas@gmail.com,firefighter,1977-05-09
300,Flory,Beebe,Flory.Beebe@yopmail.com,Flory.Beebe@gmail.com,worker,2013-11-02
301,Dagmar,Cookie,Dagmar.Cookie@yopmail.com,Dagmar.Cookie@gmail.com,firefighter,1936-05-12
302,Petronia,Ruvolo,Petronia.Ruvolo@yopmail.com,Petronia.Ruvolo@gmail.com,doctor,1948-03-07
303,Annaliese,Merna,Annaliese.Merna@yopmail.com,Annaliese.Merna@gmail.com,worker,1937-04-04
304,Celisse,Jobi,Celisse.Jobi@yopmail.com,Celisse.Jobi@gmail.com,firefighter,2002-12-21
305,Angela,Stanwood,Angela.Stanwood@yopmail.com,Angela.Stanwood@gmail.com,doctor,1976-12-12
306,Donnie,Freddi,Donnie.Freddi@yopmail.com,Donnie.Freddi@gmail.com,developer,1991-10-03
307,Gretal,Schalles,Gretal.Schalles@yopmail.com,Gretal.Schalles@gmail.com,developer,1975-03-11
308,Kaja,Israeli,Kaja.Israeli@yopmail.com,Kaja.Israeli@gmail.com,firefighter,1965-05-06
309,Xylina,Bevin,Xylina.Bevin@yopmail.com,Xylina.Bevin@gmail.com,police officer,1969-10-23
310,Candy,Uund,Candy.Uund@yopmail.com,Candy.Uund@gmail.com,worker,1962-08-10
311,Henriette,Hachmin,Henriette.Hachmin@yopmail.com,Henriette.Hachmin@gmail.com,worker,1986-12-04
312,Karly,Rese,Karly.Rese@yopmail.com,Karly.Rese@gmail.com,worker,1935-11-27
313,Mara,Cottle,Mara.Cottle@yopmail.com,Mara.Cottle@gmail.com,police officer,1935-07-30
314,Beatriz,Odysseus,Beatriz.Odysseus@yopmail.com,Beatriz.Odysseus@gmail.com,worker,1990-02-25
315,Abbie,Jerold,Abbie.Jerold@yopmail.com,Abbie.Jerold@gmail.com,developer,1908-05-29
316,Celisse,Rheingold,Celisse.Rheingold@yopmail.com,Celisse.Rheingold@gmail.com,police officer,1936-09-28
317,Elka,Schonfeld,Elka.Schonfeld@yopmail.com,Elka.Schonfeld@gmail.com,worker,1916-06-03
318,Kaja,Waite,Kaja.Waite@yopmail.com,Kaja.Waite@gmail.com,developer,1963-10-15
319,Minda,Brittani,Minda.Brittani@yopmail.com,Minda.Brittani@gmail.com,police officer,1902-10-06
320,Julieta,Schroth,Julieta.Schroth@yopmail.com,Julieta.Schroth@gmail.com,firefighter,1905-10-22
321,Jennica,Japeth,Jennica.Japeth@yopmail.com,Jennica.Japeth@gmail.com,firefighter,1954-05-04
322,Mathilda,Ledah,Mathilda.Ledah@yopmail.com,Mathilda.Ledah@gmail.com,worker,1931-07-09
323,Lesly,Melleta,Lesly.Melleta@yopmail.com,Lesly.Melleta@gmail.com,doctor,1976-09-22
324,Brynna,Francyne,Brynna.Francyne@yopmail.com,Brynna.Francyne@gmail.com,developer,1980-01-31
325,Annabela,Behre,Annabela.Behre@yopmail.com,Annabela.Behre@gmail.com,police officer,2012-05-20
326,Averyl,Nance,Averyl.Nance@yopmail.com,Averyl.Nance@gmail.com,developer,2009-08-21
327,Hettie,Fleeta,Hettie.Fleeta@yopmail.com,Hettie.Fleeta@gmail.com,doctor,1938-03-03
328,Magdalena,Agle,Magdalena.Agle@yopmail.com,Magdalena.Agle@gmail.com,worker,1980-02-26
329,Ileana,Helfand,Ileana.Helfand@yopmail.com,Ileana.Helfand@gmail.com,firefighter,1916-06-22
330,Gwenneth,Nickola,Gwenneth.Nickola@yopmail.com,Gwenneth.Nickola@gmail.com,worker,1951-02-20
331,Madeleine,Anselmi,Madeleine.Anselmi@yopmail.com,Madeleine.Anselmi@gmail.com,firefighter,2004-04-07
332,Constance,Etom,Constance.Etom@yopmail.com,Constance.Etom@gmail.com,developer,2017-09-13
333,Drucie,Urania,Drucie.Urania@yopmail.com,Drucie.Urania@gmail.com,worker,1937-05-29
334,Elyssa,Zuzana,Elyssa.Zuzana@yopmail.com,Elyssa.Zuzana@gmail.com,firefighter,1997-11-01
335,Kaja,Verger,Kaja.Verger@yopmail.com,Kaja.Verger@gmail.com,police officer,2016-08-09
336,Dorthy,Flyn,Dorthy.Flyn@yopmail.com,Dorthy.Flyn@gmail.com,developer,2014-02-04
337,Cyb,Hoban,Cyb.Hoban@yopmail.com,Cyb.Hoban@gmail.com,firefighter,1956-10-19
338,Therine,Karylin,Therine.Karylin@yopmail.com,Therine.Karylin@gmail.com,doctor,1935-06-28
339,Tina,Taima,Tina.Taima@yopmail.com,Tina.Taima@gmail.com,worker,1919-07-15
340,Shaylyn,Hedve,Shaylyn.Hedve@yopmail.com,Shaylyn.Hedve@gmail.com,firefighter,1980-06-11
341,Meriel,Leonard,Meriel.Leonard@yopmail.com,Meriel.Leonard@gmail.com,doctor,1965-01-16
342,Selma,Autrey,Selma.Autrey@yopmail.com,Selma.Autrey@gmail.com,developer,1976-04-06
343,Gusella,Arne,Gusella.Arne@yopmail.com,Gusella.Arne@gmail.com,developer,1923-12-23
344,Elfreda,Aloise,Elfreda.Aloise@yopmail.com,Elfreda.Aloise@gmail.com,police officer,1984-09-15
345,Blake,Hollingsworth,Blake.Hollingsworth@yopmail.com,Blake.Hollingsworth@gmail.com,police officer,1953-08-26
346,Gerrie,Vary,Gerrie.Vary@yopmail.com,Gerrie.Vary@gmail.com,firefighter,1979-01-29
347,Siana,Madaih,Siana.Madaih@yopmail.com,Siana.Madaih@gmail.com,doctor,1955-09-03
348,Hayley,Lowry,Hayley.Lowry@yopmail.com,Hayley.Lowry@gmail.com,doctor,1909-02-23
349,Viviene,Clywd,Viviene.Clywd@yopmail.com,Viviene.Clywd@gmail.com,worker,1916-03-14
350,Constance,Boehike,Constance.Boehike@yopmail.com,Constance.Boehike@gmail.com,firefighter,1966-07-03
351,Latisha,Strephon,Latisha.Strephon@yopmail.com,Latisha.Strephon@gmail.com,developer,1965-07-20
352,Robbi,Fancie,Robbi.Fancie@yopmail.com,Robbi.Fancie@gmail.com,doctor,2002-08-06
353,Elfreda,Jethro,Elfreda.Jethro@yopmail.com,Elfreda.Jethro@gmail.com,firefighter,1993-10-01
354,Letizia,Mata,Letizia.Mata@yopmail.com,Letizia.Mata@gmail.com,developer,1985-06-15
355,Nananne,Remmer,Nananne.Remmer@yopmail.com,Nananne.Remmer@gmail.com,firefighter,1986-07-21
356,Inga,Keily,Inga.Keily@yopmail.com,Inga.Keily@gmail.com,firefighter,2005-04-07
357,Collen,Havens,Collen.Havens@yopmail.com,Collen.Havens@gmail.com,firefighter,1959-03-16
358,Kylynn,Jammal,Kylynn.Jammal@yopmail.com,Kylynn.Jammal@gmail.com,firefighter,2010-12-17
359,Jerry,Tengdin,Jerry.Tengdin@yopmail.com,Jerry.Tengdin@gmail.com,worker,1950-07-09
360,Florencia,Jorgan,Florencia.Jorgan@yopmail.com,Florencia.Jorgan@gmail.com,firefighter,1939-09-12
361,Emelina,Jerald,Emelina.Jerald@yopmail.com,Emelina.Jerald@gmail.com,police officer,1944-06-03
362,Chickie,Ogren,Chickie.Ogren@yopmail.com,Chickie.Ogren@gmail.com,developer,1943-06-09
363,Cassandra,Olympium,Cassandra.Olympium@yopmail.com,Cassandra.Olympium@gmail.com,worker,1948-10-12
364,Cristabel,Bryna,Cristabel.Bryna@yopmail.com,Cristabel.Bryna@gmail.com,developer,1909-05-25
365,Margarette,Imelida,Margarette.Imelida@yopmail.com,Margarette.Imelida@gmail.com,police officer,1982-12-15
366,Bernie,Cullin,Bernie.Cullin@yopmail.com,Bernie.Cullin@gmail.com,developer,1957-11-21
367,Lory,Nea,Lory.Nea@yopmail.com,Lory.Nea@gmail.com,doctor,1981-10-02
368,Morganica,Slifka,Morganica.Slifka@yopmail.com,Morganica.Slifka@gmail.com,firefighter,1983-09-10
369,Annora,Guthrie,Annora.Guthrie@yopmail.com,Annora.Guthrie@gmail.com,doctor,1930-09-11
370,Anthia,Schenck,Anthia.Schenck@yopmail.com,Anthia.Schenck@gmail.com,firefighter,1988-08-15
371,Mady,Uird,Mady.Uird@yopmail.com,Mady.Uird@gmail.com,doctor,1995-06-02
372,Gui,Bennie,Gui.Bennie@yopmail.com,Gui.Bennie@gmail.com,worker,1954-11-20
373,Cassondra,Emmaline,Cassondra.Emmaline@yopmail.com,Cassondra.Emmaline@gmail.com,developer,1914-09-08
374,Fina,Juan,Fina.Juan@yopmail.com,Fina.Juan@gmail.com,worker,1974-11-22
375,Susan,Lunsford,Susan.Lunsford@yopmail.com,Susan.Lunsford@gmail.com,developer,1935-02-25
376,June,Loeb,June.Loeb@yopmail.com,June.Loeb@gmail.com,developer,1969-03-01
377,Melina,Cyrie,Melina.Cyrie@yopmail.com,Melina.Cyrie@gmail.com,developer,1937-08-26
378,Calla,Phi,Calla.Phi@yopmail.com,Calla.Phi@gmail.com,police officer,1964-08-23
379,Kate,Grimbly,Kate.Grimbly@yopmail.com,Kate.Grimbly@gmail.com,firefighter,1951-12-07
380,Albertina,Huggins,Albertina.Huggins@yopmail.com,Albertina.Huggins@gmail.com,firefighter,1903-12-30
381,Gusella,Center,Gusella.Center@yopmail.com,Gusella.Center@gmail.com,doctor,1956-07-08
382,Gabriellia,Gabrielli,Gabriellia.Gabrielli@yopmail.com,Gabriellia.Gabrielli@gmail.com,worker,1974-06-17
383,Lucille,Christine,Lucille.Christine@yopmail.com,Lucille.Christine@gmail.com,firefighter,1967-08-31
384,Marcy,Center,Marcy.Center@yopmail.com,Marcy.Center@gmail.com,firefighter,1976-04-19
385,Celene,Urania,Celene.Urania@yopmail.com,Celene.Urania@gmail.com,developer,2008-08-23
386,Lynnea,Florina,Lynnea.Florina@yopmail.com,Lynnea.Florina@gmail.com,police officer,1929-02-08
387,Briney,Magnolia,Briney.Magnolia@yopmail.com,Briney.Magnolia@gmail.com,doctor,1909-11-22
388,Dacia,Kussell,Dacia.Kussell@yopmail.com,Dacia.Kussell@gmail.com,firefighter,1916-03-08
389,Selia,Swigart,Selia.Swigart@yopmail.com,Selia.Swigart@gmail.com,developer,1962-12-22
390,Correy,Robertson,Correy.Robertson@yopmail.com,Correy.Robertson@gmail.com,firefighter,2008-11-14
391,Talya,Percy,Talya.Percy@yopmail.com,Talya.Percy@gmail.com,police officer,1981-09-06
392,June,Sheng,June.Sheng@yopmail.com,June.Sheng@gmail.com,police officer,1965-10-31
393,Edee,Holbrook,Edee.Holbrook@yopmail.com,Edee.Holbrook@gmail.com,developer,1920-09-06
394,Zondra,Dyche,Zondra.Dyche@yopmail.com,Zondra.Dyche@gmail.com,worker,1909-06-10
395,Barbi,Travax,Barbi.Travax@yopmail.com,Barbi.Travax@gmail.com,doctor,1904-02-24
396,Beatriz,Whittaker,Beatriz.Whittaker@yopmail.com,Beatriz.Whittaker@gmail.com,firefighter,1930-06-17
397,Karlee,Hoenack,Karlee.Hoenack@yopmail.com,Karlee.Hoenack@gmail.com,doctor,1949-09-15
398,Elise,Carbo,Elise.Carbo@yopmail.com,Elise.Carbo@gmail.com,doctor,2015-10-18
399,Aurore,Minetta,Aurore.Minetta@yopmail.com,Aurore.Minetta@gmail.com,worker,1958-10-03
400,Jenda,Bashemeth,Jenda.Bashemeth@yopmail.com,Jenda.Bashemeth@gmail.com,firefighter,2016-10-22
401,Amalie,Ax,Amalie.Ax@yopmail.com,Amalie.Ax@gmail.com,firefighter,2011-05-11
402,Anestassia,Elvyn,Anestassia.Elvyn@yopmail.com,Anestassia.Elvyn@gmail.com,developer,1922-01-25
403,Regina,Seessel,Regina.Seessel@yopmail.com,Regina.Seessel@gmail.com,police officer,1956-01-05
404,Aurelie,Brunell,Aurelie.Brunell@yopmail.com,Aurelie.Brunell@gmail.com,doctor,1915-12-15
405,Verla,Erich,Verla.Erich@yopmail.com,Verla.Erich@gmail.com,developer,1900-04-04
406,Anthia,Raffo,Anthia.Raffo@yopmail.com,Anthia.Raffo@gmail.com,worker,1995-07-19
407,Yetty,Richers,Yetty.Richers@yopmail.com,Yetty.Richers@gmail.com,doctor,1963-10-10
408,Malina,Colleen,Malina.Colleen@yopmail.com,Malina.Colleen@gmail.com,developer,1994-01-16
409,Jaclyn,Herrera,Jaclyn.Herrera@yopmail.com,Jaclyn.Herrera@gmail.com,firefighter,1974-07-03
410,Ninnetta,Laverne,Ninnetta.Laverne@yopmail.com,Ninnetta.Laverne@gmail.com,police officer,1967-05-20
411,Anica,Sacken,Anica.Sacken@yopmail.com,Anica.Sacken@gmail.com,firefighter,1971-11-18
412,Marguerite,Campball,Marguerite.Campball@yopmail.com,Marguerite.Campball@gmail.com,worker,1934-04-27
413,Fanchon,Salvidor,Fanchon.Salvidor@yopmail.com,Fanchon.Salvidor@gmail.com,developer,1980-09-14
414,Susan,Fax,Susan.Fax@yopmail.com,Susan.Fax@gmail.com,firefighter,1928-12-01
415,Joceline,Morgun,Joceline.Morgun@yopmail.com,Joceline.Morgun@gmail.com,police officer,1925-04-29
416,Emmey,Narton,Emmey.Narton@yopmail.com,Emmey.Narton@gmail.com,firefighter,1953-03-30
417,Ingrid,Kamaria,Ingrid.Kamaria@yopmail.com,Ingrid.Kamaria@gmail.com,police officer,1905-10-13
418,Drucie,Marsden,Drucie.Marsden@yopmail.com,Drucie.Marsden@gmail.com,worker,1960-10-19
419,Devina,Chauncey,Devina.Chauncey@yopmail.com,Devina.Chauncey@gmail.com,developer,2010-08-25
420,Olivette,Penelopa,Olivette.Penelopa@yopmail.com,Olivette.Penelopa@gmail.com,doctor,1932-11-15
421,Karly,Frodi,Karly.Frodi@yopmail.com,Karly.Frodi@gmail.com,firefighter,1978-08-19
422,Ida,Noam,Ida.Noam@yopmail.com,Ida.Noam@gmail.com,developer,2005-12-10
423,Gale,McAdams,Gale.McAdams@yopmail.com,Gale.McAdams@gmail.com,police officer,1916-10-01
424,Amara,Grosz,Amara.Grosz@yopmail.com,Amara.Grosz@gmail.com,worker,1994-07-07
425,Kirstin,Gino,Kirstin.Gino@yopmail.com,Kirstin.Gino@gmail.com,developer,1913-01-18
426,Ginnie,Roche,Ginnie.Roche@yopmail.com,Ginnie.Roche@gmail.com,firefighter,1954-10-22
427,Ketti,Camden,Ketti.Camden@yopmail.com,Ketti.Camden@gmail.com,police officer,1991-06-11
428,Nananne,Modie,Nananne.Modie@yopmail.com,Nananne.Modie@gmail.com,worker,1997-03-05
429,Roslyn,Miru,Roslyn.Miru@yopmail.com,Roslyn.Miru@gmail.com,doctor,1954-07-18
430,Kaia,Carey,Kaia.Carey@yopmail.com,Kaia.Carey@gmail.com,police officer,1927-04-13
431,Verla,Letsou,Verla.Letsou@yopmail.com,Verla.Letsou@gmail.com,developer,1997-05-05
432,Elbertina,Bandeen,Elbertina.Bandeen@yopmail.com,Elbertina.Bandeen@gmail.com,developer,1946-04-07
433,Karena,Hoenack,Karena.Hoenack@yopmail.com,Karena.Hoenack@gmail.com,police officer,1986-12-29
434,Nelle,Travax,Nelle.Travax@yopmail.com,Nelle.Travax@gmail.com,developer,1910-06-09
435,Barbara,Timon,Barbara.Timon@yopmail.com,Barbara.Timon@gmail.com,police officer,2018-07-01
436,Clarice,Hubert,Clarice.Hubert@yopmail.com,Clarice.Hubert@gmail.com,police officer,1942-01-26
437,Antonietta,Bohlin,Antonietta.Bohlin@yopmail.com,Antonietta.Bohlin@gmail.com,police officer,2011-09-03
438,Aurore,Swigart,Aurore.Swigart@yopmail.com,Aurore.Swigart@gmail.com,police officer,1917-04-18
439,Darci,Travax,Darci.Travax@yopmail.com,Darci.Travax@gmail.com,firefighter,1946-04-12
440,Elvira,Zuzana,Elvira.Zuzana@yopmail.com,Elvira.Zuzana@gmail.com,worker,1992-02-19
441,Candy,Mandler,Candy.Mandler@yopmail.com,Candy.Mandler@gmail.com,doctor,1964-06-14
442,Maurene,Rona,Maurene.Rona@yopmail.com,Maurene.Rona@gmail.com,police officer,1979-11-30
443,Shel,Ursulette,Shel.Ursulette@yopmail.com,Shel.Ursulette@gmail.com,worker,2016-06-21
444,Taffy,Merriott,Taffy.Merriott@yopmail.com,Taffy.Merriott@gmail.com,developer,1951-03-30
445,Trixi,Telfer,Trixi.Telfer@yopmail.com,Trixi.Telfer@gmail.com,firefighter,1968-08-04
446,Nananne,Tarrant,Nananne.Tarrant@yopmail.com,Nananne.Tarrant@gmail.com,developer,1911-12-14
447,Tomasina,Wildermuth,Tomasina.Wildermuth@yopmail.com,Tomasina.Wildermuth@gmail.com,worker,1942-04-16
448,Teddie,Tippets,Teddie.Tippets@yopmail.com,Teddie.Tippets@gmail.com,doctor,1963-09-08
449,Tressa,Wallis,Tressa.Wallis@yopmail.com,Tressa.Wallis@gmail.com,doctor,1955-01-08
450,Katuscha,Milson,Katuscha.Milson@yopmail.com,Katuscha.Milson@gmail.com,developer,2004-11-02
451,Miquela,Firmin,Miquela.Firmin@yopmail.com,Miquela.Firmin@gmail.com,police officer,1991-10-18
452,Deane,Aprile,Deane.Aprile@yopmail.com,Deane.Aprile@gmail.com,doctor,1995-01-29
453,Tomasina,Hirsch,Tomasina.Hirsch@yopmail.com,Tomasina.Hirsch@gmail.com,developer,1952-03-08
454,Carmela,Grobe,Carmela.Grobe@yopmail.com,Carmela.Grobe@gmail.com,doctor,2000-08-10
455,Netty,Phi,Netty.Phi@yopmail.com,Netty.Phi@gmail.com,worker,1948-11-18
456,Mignon,Delacourt,Mignon.Delacourt@yopmail.com,Mignon.Delacourt@gmail.com,police officer,2002-10-19
457,Josephine,Soneson,Josephine.Soneson@yopmail.com,Josephine.Soneson@gmail.com,police officer,1961-09-16
458,Catharine,Peonir,Catharine.Peonir@yopmail.com,Catharine.Peonir@gmail.com,developer,1900-11-30
459,Sophia,Garlinda,Sophia.Garlinda@yopmail.com,Sophia.Garlinda@gmail.com,worker,1984-01-10
460,Lanna,Fry,Lanna.Fry@yopmail.com,Lanna.Fry@gmail.com,developer,1998-10-11
461,Bertine,Myrilla,Bertine.Myrilla@yopmail.com,Bertine.Myrilla@gmail.com,doctor,1970-09-03
462,Alia,Amethist,Alia.Amethist@yopmail.com,Alia.Amethist@gmail.com,doctor,1930-08-20
463,Riannon,Vacuva,Riannon.Vacuva@yopmail.com,Riannon.Vacuva@gmail.com,firefighter,1904-01-20
464,Emylee,Turne,Emylee.Turne@yopmail.com,Emylee.Turne@gmail.com,firefighter,2010-10-31
465,Modestia,Isacco,Modestia.Isacco@yopmail.com,Modestia.Isacco@gmail.com,worker,1931-06-20
466,Hannis,Ball,Hannis.Ball@yopmail.com,Hannis.Ball@gmail.com,worker,1961-08-18
467,Barbi,Warthman,Barbi.Warthman@yopmail.com,Barbi.Warthman@gmail.com,doctor,1909-01-31
468,Bernie,Edvard,Bernie.Edvard@yopmail.com,Bernie.Edvard@gmail.com,doctor,2005-07-01
469,Andeee,Vittoria,Andeee.Vittoria@yopmail.com,Andeee.Vittoria@gmail.com,worker,1943-10-14
470,Malina,Eiser,Malina.Eiser@yopmail.com,Malina.Eiser@gmail.com,police officer,1987-06-13
471,Brooks,Faro,Brooks.Faro@yopmail.com,Brooks.Faro@gmail.com,developer,2015-07-13
472,Lesly,Peti,Lesly.Peti@yopmail.com,Lesly.Peti@gmail.com,firefighter,1925-10-29
473,Ayn,Hessler,Ayn.Hessler@yopmail.com,Ayn.Hessler@gmail.com,doctor,1975-02-15
474,Orelia,Melony,Orelia.Melony@yopmail.com,Orelia.Melony@gmail.com,doctor,1936-07-23
475,Jacquetta,Gemini,Jacquetta.Gemini@yopmail.com,Jacquetta.Gemini@gmail.com,developer,1986-08-18
476,Olivette,Claudine,Olivette.Claudine@yopmail.com,Olivette.Claudine@gmail.com,doctor,1940-02-22
477,Pierette,Knowling,Pierette.Knowling@yopmail.com,Pierette.Knowling@gmail.com,police officer,1957-02-24
478,Bertine,Natica,Bertine.Natica@yopmail.com,Bertine.Natica@gmail.com,developer,2014-08-21
479,Zaria,Redmond,Zaria.Redmond@yopmail.com,Zaria.Redmond@gmail.com,worker,2008-10-03
480,Magdalena,Alexandr,Magdalena.Alexandr@yopmail.com,Magdalena.Alexandr@gmail.com,developer,1926-07-30
481,Millie,Alwin,Millie.Alwin@yopmail.com,Millie.Alwin@gmail.com,firefighter,1910-11-21
482,Zondra,Nikaniki,Zondra.Nikaniki@yopmail.com,Zondra.Nikaniki@gmail.com,police officer,1921-07-07
483,Joceline,Bennie,Joceline.Bennie@yopmail.com,Joceline.Bennie@gmail.com,worker,1913-08-28
484,Addia,Nadia,Addia.Nadia@yopmail.com,Addia.Nadia@gmail.com,firefighter,1991-06-04
485,Hyacinthe,Reneta,Hyacinthe.Reneta@yopmail.com,Hyacinthe.Reneta@gmail.com,worker,1947-01-25
486,Kerrin,Skurnik,Kerrin.Skurnik@yopmail.com,Kerrin.Skurnik@gmail.com,developer,2013-10-26
487,Maud,Frodi,Maud.Frodi@yopmail.com,Maud.Frodi@gmail.com,firefighter,2011-10-07
488,Viviene,Lewes,Viviene.Lewes@yopmail.com,Viviene.Lewes@gmail.com,firefighter,1921-05-31
489,Hyacinthe,Goerke,Hyacinthe.Goerke@yopmail.com,Hyacinthe.Goerke@gmail.com,developer,1928-11-15
490,Jany,Gordon,Jany.Gordon@yopmail.com,Jany.Gordon@gmail.com,police officer,1911-09-25
491,Lucy,Felizio,Lucy.Felizio@yopmail.com,Lucy.Felizio@gmail.com,doctor,1908-10-31
492,Sibella,Jeanne,Sibella.Jeanne@yopmail.com,Sibella.Jeanne@gmail.com,developer,1949-12-06
493,Tiffie,Faro,Tiffie.Faro@yopmail.com,Tiffie.Faro@gmail.com,police officer,1968-07-28
494,Jemie,Cutlerr,Jemie.Cutlerr@yopmail.com,Jemie.Cutlerr@gmail.com,worker,1995-06-12
495,Rhoda,Chapland,Rhoda.Chapland@yopmail.com,Rhoda.Chapland@gmail.com,developer,2001-12-09
496,Shannah,Yoko,Shannah.Yoko@yopmail.com,Shannah.Yoko@gmail.com,developer,1988-06-27
497,Esmeralda,Calhoun,Esmeralda.Calhoun@yopmail.com,Esmeralda.Calhoun@gmail.com,developer,1929-02-25
498,Aimil,Yerkovich,Aimil.Yerkovich@yopmail.com,Aimil.Yerkovich@gmail.com,police officer,1990-05-15
499,Carly,Seumas,Carly.Seumas@yopmail.com,Carly.Seumas@gmail.com,worker,1952-01-30
500,Vonny,Dex,Vonny.Dex@yopmail.com,Vonny.Dex@gmail.com,police officer,1906-08-22
501,Anallese,Zola,Anallese.Zola@yopmail.com,Anallese.Zola@gmail.com,worker,1948-01-26
502,Doro,Winnick,Doro.Winnick@yopmail.com,Doro.Winnick@gmail.com,doctor,1970-11-01
503,Ernesta,Guthrie,Ernesta.Guthrie@yopmail.com,Ernesta.Guthrie@gmail.com,firefighter,1905-05-13
504,Chickie,Wattenberg,Chickie.Wattenberg@yopmail.com,Chickie.Wattenberg@gmail.com,firefighter,1931-12-24
505,Ezmeralda,Ledah,Ezmeralda.Ledah@yopmail.com,Ezmeralda.Ledah@gmail.com,firefighter,1971-10-06
506,Phedra,Nisbet,Phedra.Nisbet@yopmail.com,Phedra.Nisbet@gmail.com,doctor,1994-03-06
507,Aurelie,Bluh,Aurelie.Bluh@yopmail.com,Aurelie.Bluh@gmail.com,doctor,1975-12-05
508,Angela,Halla,Angela.Halla@yopmail.com,Angela.Halla@gmail.com,worker,1964-06-05
509,Regina,Goerke,Regina.Goerke@yopmail.com,Regina.Goerke@gmail.com,doctor,1973-08-23
510,Justinn,Marisa,Justinn.Marisa@yopmail.com,Justinn.Marisa@gmail.com,doctor,2007-04-11
511,Ermengarde,Noman,Ermengarde.Noman@yopmail.com,Ermengarde.Noman@gmail.com,police officer,1966-04-08
512,June,Bettine,June.Bettine@yopmail.com,June.Bettine@gmail.com,police officer,1957-04-18
513,Vinita,Martguerita,Vinita.Martguerita@yopmail.com,Vinita.Martguerita@gmail.com,police officer,1981-06-11
514,Shirlee,Waldron,Shirlee.Waldron@yopmail.com,Shirlee.Waldron@gmail.com,firefighter,1996-05-05
515,Bill,Radu,Bill.Radu@yopmail.com,Bill.Radu@gmail.com,developer,1967-03-28
516,Linet,Haerr,Linet.Haerr@yopmail.com,Linet.Haerr@gmail.com,firefighter,1964-07-25
517,Dolli,Eachern,Dolli.Eachern@yopmail.com,Dolli.Eachern@gmail.com,worker,1967-03-27
518,Aurore,Bendick,Aurore.Bendick@yopmail.com,Aurore.Bendick@gmail.com,developer,1950-12-10
519,Lynde,Bertold,Lynde.Bertold@yopmail.com,Lynde.Bertold@gmail.com,worker,1924-11-02
520,Philis,Sophronia,Philis.Sophronia@yopmail.com,Philis.Sophronia@gmail.com,worker,1978-03-28
521,Fernande,Albertine,Fernande.Albertine@yopmail.com,Fernande.Albertine@gmail.com,developer,1901-03-28
522,Oralee,Stuart,Oralee.Stuart@yopmail.com,Oralee.Stuart@gmail.com,police officer,1969-02-28
523,Jeanna,Ammann,Jeanna.Ammann@yopmail.com,Jeanna.Ammann@gmail.com,firefighter,1985-09-05
524,Florie,Toffic,Florie.Toffic@yopmail.com,Florie.Toffic@gmail.com,police officer,1994-10-30
525,Marcelline,Ralfston,Marcelline.Ralfston@yopmail.com,Marcelline.Ralfston@gmail.com,worker,2000-07-30
526,Ida,Grosz,Ida.Grosz@yopmail.com,Ida.Grosz@gmail.com,police officer,1906-05-06
527,Ayn,O'Carroll,Ayn.O'Carroll@yopmail.com,Ayn.O'Carroll@gmail.com,doctor,1951-03-05
528,Roseline,Nunci,Roseline.Nunci@yopmail.com,Roseline.Nunci@gmail.com,worker,1977-11-08
529,Meg,Craggie,Meg.Craggie@yopmail.com,Meg.Craggie@gmail.com,police officer,1992-12-25
530,Mamie,Hachmin,Mamie.Hachmin@yopmail.com,Mamie.Hachmin@gmail.com,firefighter,1948-04-09
531,Carilyn,Maples,Carilyn.Maples@yopmail.com,Carilyn.Maples@gmail.com,worker,2014-07-18
532,Flory,Glenden,Flory.Glenden@yopmail.com,Flory.Glenden@gmail.com,worker,1934-11-02
533,Alejandra,Arley,Alejandra.Arley@yopmail.com,Alejandra.Arley@gmail.com,worker,1960-07-13
534,Gabriellia,Jehu,Gabriellia.Jehu@yopmail.com,Gabriellia.Jehu@gmail.com,police officer,1937-04-29
535,Vonny,Bord,Vonny.Bord@yopmail.com,Vonny.Bord@gmail.com,doctor,2002-01-17
536,Phedra,Evangelia,Phedra.Evangelia@yopmail.com,Phedra.Evangelia@gmail.com,firefighter,1939-03-30
537,Donnie,Henebry,Donnie.Henebry@yopmail.com,Donnie.Henebry@gmail.com,developer,1957-01-19
538,Corly,Brunell,Corly.Brunell@yopmail.com,Corly.Brunell@gmail.com,worker,1967-05-25
539,Fanny,Kimmie,Fanny.Kimmie@yopmail.com,Fanny.Kimmie@gmail.com,developer,1966-09-12
540,Chere,Edison,Chere.Edison@yopmail.com,Chere.Edison@gmail.com,police officer,1973-08-31
541,Lucille,Ortrude,Lucille.Ortrude@yopmail.com,Lucille.Ortrude@gmail.com,firefighter,1915-09-22
542,Fred,Delila,Fred.Delila@yopmail.com,Fred.Delila@gmail.com,firefighter,1919-06-26
543,Mallory,Ellord,Mallory.Ellord@yopmail.com,Mallory.Ellord@gmail.com,firefighter,1923-10-16
544,Winny,Merna,Winny.Merna@yopmail.com,Winny.Merna@gmail.com,doctor,1929-04-04
545,Marita,Alabaster,Marita.Alabaster@yopmail.com,Marita.Alabaster@gmail.com,police officer,1994-01-18
546,Camile,Belldas,Camile.Belldas@yopmail.com,Camile.Belldas@gmail.com,doctor,1985-10-18
547,Jean,Heidt,Jean.Heidt@yopmail.com,Jean.Heidt@gmail.com,developer,1979-10-15
548,Kate,Jaylene,Kate.Jaylene@yopmail.com,Kate.Jaylene@gmail.com,firefighter,2009-08-21
549,Jessy,Warthman,Jessy.Warthman@yopmail.com,Jessy.Warthman@gmail.com,doctor,2014-11-28
550,Lauryn,Mallon,Lauryn.Mallon@yopmail.com,Lauryn.Mallon@gmail.com,doctor,1909-06-06
551,Doro,Wilona,Doro.Wilona@yopmail.com,Doro.Wilona@gmail.com,worker,1956-11-03
552,Bobbi,Fiann,Bobbi.Fiann@yopmail.com,Bobbi.Fiann@gmail.com,police officer,1947-11-01
553,Rosene,Lorain,Rosene.Lorain@yopmail.com,Rosene.Lorain@gmail.com,police officer,2008-10-20
554,Larine,Alva,Larine.Alva@yopmail.com,Larine.Alva@gmail.com,worker,1952-04-07
555,Kate,Wildermuth,Kate.Wildermuth@yopmail.com,Kate.Wildermuth@gmail.com,worker,1951-06-01
556,Janey,Avi,Janey.Avi@yopmail.com,Janey.Avi@gmail.com,worker,1959-04-28
557,Kassey,Hebner,Kassey.Hebner@yopmail.com,Kassey.Hebner@gmail.com,firefighter,1910-04-21
558,Tierney,Kermit,Tierney.Kermit@yopmail.com,Tierney.Kermit@gmail.com,worker,1937-07-17
559,Arabel,Sherrie,Arabel.Sherrie@yopmail.com,Arabel.Sherrie@gmail.com,doctor,1906-10-05
560,Brietta,Erlandson,Brietta.Erlandson@yopmail.com,Brietta.Erlandson@gmail.com,worker,1970-08-03
561,Chere,Kussell,Chere.Kussell@yopmail.com,Chere.Kussell@gmail.com,worker,1913-02-25
562,Gretal,Rugen,Gretal.Rugen@yopmail.com,Gretal.Rugen@gmail.com,developer,1963-08-27
563,Selia,Mott,Selia.Mott@yopmail.com,Selia.Mott@gmail.com,police officer,1989-08-03
564,Deedee,Pond,Deedee.Pond@yopmail.com,Deedee.Pond@gmail.com,worker,1916-12-17
565,Kaia,Wittie,Kaia.Wittie@yopmail.com,Kaia.Wittie@gmail.com,doctor,1929-06-26
566,Marita,Nunci,Marita.Nunci@yopmail.com,Marita.Nunci@gmail.com,firefighter,1938-10-21
567,Isa,Orlene,Isa.Orlene@yopmail.com,Isa.Orlene@gmail.com,developer,1996-02-07
568,Daune,Elisha,Daune.Elisha@yopmail.com,Daune.Elisha@gmail.com,firefighter,2011-10-04
569,Raina,Tatianas,Raina.Tatianas@yopmail.com,Raina.Tatianas@gmail.com,worker,1984-03-15
570,Veda,Zitvaa,Veda.Zitvaa@yopmail.com,Veda.Zitvaa@gmail.com,developer,1916-12-05
571,Gaylene,Hilbert,Gaylene.Hilbert@yopmail.com,Gaylene.Hilbert@gmail.com,police officer,1916-08-02
572,Jean,Grobe,Jean.Grobe@yopmail.com,Jean.Grobe@gmail.com,doctor,1915-03-24
573,Bobinette,Elo,Bobinette.Elo@yopmail.com,Bobinette.Elo@gmail.com,doctor,1993-06-21
574,Minne,Felecia,Minne.Felecia@yopmail.com,Minne.Felecia@gmail.com,worker,1956-12-07
575,Joceline,Halsey,Joceline.Halsey@yopmail.com,Joceline.Halsey@gmail.com,developer,1996-05-11
576,Jsandye,Norrie,Jsandye.Norrie@yopmail.com,Jsandye.Norrie@gmail.com,developer,1998-07-13
577,Kimmy,Wittie,Kimmy.Wittie@yopmail.com,Kimmy.Wittie@gmail.com,doctor,1969-06-07
578,Nita,Genna,Nita.Genna@yopmail.com,Nita.Genna@gmail.com,developer,1955-11-16
579,Luci,Read,Luci.Read@yopmail.com,Luci.Read@gmail.com,doctor,2018-10-27
580,Kathy,Camden,Kathy.Camden@yopmail.com,Kathy.Camden@gmail.com,police officer,1982-05-26
581,Hyacinthe,Ezar,Hyacinthe.Ezar@yopmail.com,Hyacinthe.Ezar@gmail.com,police officer,1929-06-01
582,Regina,Bluh,Regina.Bluh@yopmail.com,Regina.Bluh@gmail.com,doctor,1921-10-14
583,Larine,Roxanna,Larine.Roxanna@yopmail.com,Larine.Roxanna@gmail.com,worker,1946-07-06
584,Kassey,Septima,Kassey.Septima@yopmail.com,Kassey.Septima@gmail.com,police officer,1997-02-13
585,Jeanna,Loleta,Jeanna.Loleta@yopmail.com,Jeanna.Loleta@gmail.com,worker,1908-02-15
586,Margette,Zuzana,Margette.Zuzana@yopmail.com,Margette.Zuzana@gmail.com,firefighter,1917-02-14
587,Amii,Mata,Amii.Mata@yopmail.com,Amii.Mata@gmail.com,police officer,1945-08-25
588,Laure,Zrike,Laure.Zrike@yopmail.com,Laure.Zrike@gmail.com,developer,1971-02-17
589,Krystle,Estella,Krystle.Estella@yopmail.com,Krystle.Estella@gmail.com,doctor,1971-08-30
590,Elsie,Matthew,Elsie.Matthew@yopmail.com,Elsie.Matthew@gmail.com,developer,1948-06-10
591,Ulrike,Thornburg,Ulrike.Thornburg@yopmail.com,Ulrike.Thornburg@gmail.com,developer,1963-07-10
592,Abbie,Belanger,Abbie.Belanger@yopmail.com,Abbie.Belanger@gmail.com,firefighter,2019-10-06
593,Rivalee,Ciro,Rivalee.Ciro@yopmail.com,Rivalee.Ciro@gmail.com,doctor,1975-08-16
594,Laurene,Regan,Laurene.Regan@yopmail.com,Laurene.Regan@gmail.com,developer,1944-06-29
595,Dorene,Tiffa,Dorene.Tiffa@yopmail.com,Dorene.Tiffa@gmail.com,developer,2019-07-05
596,Vere,Arathorn,Vere.Arathorn@yopmail.com,Vere.Arathorn@gmail.com,worker,1976-08-09
597,Bobinette,Sacken,Bobinette.Sacken@yopmail.com,Bobinette.Sacken@gmail.com,doctor,1977-02-04
598,Ada,Kiersten,Ada.Kiersten@yopmail.com,Ada.Kiersten@gmail.com,police officer,1901-09-09
599,Anthia,Grimbly,Anthia.Grimbly@yopmail.com,Anthia.Grimbly@gmail.com,doctor,1986-11-02
600,Caritta,Ardra,Caritta.Ardra@yopmail.com,Caritta.Ardra@gmail.com,doctor,1983-12-29
601,Hermione,Isidore,Hermione.Isidore@yopmail.com,Hermione.Isidore@gmail.com,worker,1982-06-25
602,Ardys,Fennessy,Ardys.Fennessy@yopmail.com,Ardys.Fennessy@gmail.com,firefighter,1914-02-17
603,Gerrie,Munn,Gerrie.Munn@yopmail.com,Gerrie.Munn@gmail.com,developer,2010-01-26
604,Anthia,Wareing,Anthia.Wareing@yopmail.com,Anthia.Wareing@gmail.com,police officer,1987-07-24
605,Janenna,Leonard,Janenna.Leonard@yopmail.com,Janenna.Leonard@gmail.com,worker,1996-04-02
606,Anestassia,Podvin,Anestassia.Podvin@yopmail.com,Anestassia.Podvin@gmail.com,worker,2003-06-30
607,Tamqrah,Jess,Tamqrah.Jess@yopmail.com,Tamqrah.Jess@gmail.com,police officer,1915-04-12
608,Britni,Joli,Britni.Joli@yopmail.com,Britni.Joli@gmail.com,police officer,1948-06-03
609,Suzette,Belanger,Suzette.Belanger@yopmail.com,Suzette.Belanger@gmail.com,doctor,1958-03-02
610,Jacenta,O'Carroll,Jacenta.O'Carroll@yopmail.com,Jacenta.O'Carroll@gmail.com,police officer,1917-02-21
611,Tomasina,McGrody,Tomasina.McGrody@yopmail.com,Tomasina.McGrody@gmail.com,firefighter,1945-01-07
612,Neila,Mauer,Neila.Mauer@yopmail.com,Neila.Mauer@gmail.com,firefighter,1975-08-11
613,Carree,Mehalek,Carree.Mehalek@yopmail.com,Carree.Mehalek@gmail.com,police officer,1965-02-11
614,Brianna,Agle,Brianna.Agle@yopmail.com,Brianna.Agle@gmail.com,firefighter,1937-11-30
615,Meriel,Lail,Meriel.Lail@yopmail.com,Meriel.Lail@gmail.com,firefighter,1943-12-14
616,Gui,Quinn,Gui.Quinn@yopmail.com,Gui.Quinn@gmail.com,firefighter,1980-06-28
617,Marsiella,Sabella,Marsiella.Sabella@yopmail.com,Marsiella.Sabella@gmail.com,worker,1982-09-21
618,Ayn,Lenny,Ayn.Lenny@yopmail.com,Ayn.Lenny@gmail.com,worker,1959-01-15
619,Daune,Ardeha,Daune.Ardeha@yopmail.com,Daune.Ardeha@gmail.com,worker,1973-06-04
620,Aeriela,Gilbertson,Aeriela.Gilbertson@yopmail.com,Aeriela.Gilbertson@gmail.com,worker,1958-04-04
621,Gertrud,Sprage,Gertrud.Sprage@yopmail.com,Gertrud.Sprage@gmail.com,doctor,1964-02-21
622,Flory,Diann,Flory.Diann@yopmail.com,Flory.Diann@gmail.com,firefighter,1923-11-14
623,Chloris,Edvard,Chloris.Edvard@yopmail.com,Chloris.Edvard@gmail.com,firefighter,1922-12-06
624,Arlena,Pond,Arlena.Pond@yopmail.com,Arlena.Pond@gmail.com,developer,1999-12-07
625,Allis,Annabella,Allis.Annabella@yopmail.com,Allis.Annabella@gmail.com,doctor,2005-06-11
626,Melina,Robertson,Melina.Robertson@yopmail.com,Melina.Robertson@gmail.com,worker,1906-01-08
627,Hyacinthe,Prober,Hyacinthe.Prober@yopmail.com,Hyacinthe.Prober@gmail.com,worker,1950-12-15
628,Bettine,Klemperer,Bettine.Klemperer@yopmail.com,Bettine.Klemperer@gmail.com,firefighter,1968-12-13
629,Gilligan,Toor,Gilligan.Toor@yopmail.com,Gilligan.Toor@gmail.com,developer,1963-04-16
630,Aryn,Nunci,Aryn.Nunci@yopmail.com,Aryn.Nunci@gmail.com,worker,1998-05-05
631,Belinda,Bennie,Belinda.Bennie@yopmail.com,Belinda.Bennie@gmail.com,doctor,1941-09-25
632,Carolina,Loleta,Carolina.Loleta@yopmail.com,Carolina.Loleta@gmail.com,firefighter,1953-06-18
633,Allis,Atcliffe,Allis.Atcliffe@yopmail.com,Allis.Atcliffe@gmail.com,police officer,1921-08-24
634,Robinia,Phi,Robinia.Phi@yopmail.com,Robinia.Phi@gmail.com,doctor,1933-07-16
635,Aimil,Johanna,Aimil.Johanna@yopmail.com,Aimil.Johanna@gmail.com,worker,2013-04-02
636,Latisha,Loeb,Latisha.Loeb@yopmail.com,Latisha.Loeb@gmail.com,police officer,1913-05-06
637,Ira,Candy,Ira.Candy@yopmail.com,Ira.Candy@gmail.com,doctor,1959-06-30
638,Lelah,Jagir,Lelah.Jagir@yopmail.com,Lelah.Jagir@gmail.com,developer,1974-10-05
639,Donetta,Kendrick,Donetta.Kendrick@yopmail.com,Donetta.Kendrick@gmail.com,doctor,1944-07-27
640,Gusty,Middleton,Gusty.Middleton@yopmail.com,Gusty.Middleton@gmail.com,firefighter,1920-04-06
641,Ana,Bettine,Ana.Bettine@yopmail.com,Ana.Bettine@gmail.com,police officer,1914-07-19
642,Lory,Dawkins,Lory.Dawkins@yopmail.com,Lory.Dawkins@gmail.com,developer,1999-02-09
643,Daphne,Bartlett,Daphne.Bartlett@yopmail.com,Daphne.Bartlett@gmail.com,firefighter,1913-02-13
644,Gisela,Armanda,Gisela.Armanda@yopmail.com,Gisela.Armanda@gmail.com,doctor,1959-05-30
645,Alejandra,Ariella,Alejandra.Ariella@yopmail.com,Alejandra.Ariella@gmail.com,worker,1929-07-20
646,Cathyleen,Plato,Cathyleen.Plato@yopmail.com,Cathyleen.Plato@gmail.com,doctor,1930-05-26
647,Sam,Glovsky,Sam.Glovsky@yopmail.com,Sam.Glovsky@gmail.com,police officer,1993-03-09
648,Inga,Cherianne,Inga.Cherianne@yopmail.com,Inga.Cherianne@gmail.com,developer,1933-08-28
649,Lelah,Barrus,Lelah.Barrus@yopmail.com,Lelah.Barrus@gmail.com,worker,1977-08-22
650,Sonni,Tristram,Sonni.Tristram@yopmail.com,Sonni.Tristram@gmail.com,developer,1998-11-12
651,Binny,Sidonius,Binny.Sidonius@yopmail.com,Binny.Sidonius@gmail.com,developer,2000-03-30
652,Carilyn,Shirberg,Carilyn.Shirberg@yopmail.com,Carilyn.Shirberg@gmail.com,doctor,1975-02-05
653,Sophia,Leler,Sophia.Leler@yopmail.com,Sophia.Leler@gmail.com,police officer,1971-07-25
654,Karolina,Schwejda,Karolina.Schwejda@yopmail.com,Karolina.Schwejda@gmail.com,developer,1973-09-10
655,Dulce,Goode,Dulce.Goode@yopmail.com,Dulce.Goode@gmail.com,doctor,1950-10-16
656,Fredericka,Kristi,Fredericka.Kristi@yopmail.com,Fredericka.Kristi@gmail.com,firefighter,1920-09-09
657,Althea,Suk,Althea.Suk@yopmail.com,Althea.Suk@gmail.com,firefighter,1983-04-19
658,Paola,Sammons,Paola.Sammons@yopmail.com,Paola.Sammons@gmail.com,police officer,1969-07-13
659,Dolli,Primalia,Dolli.Primalia@yopmail.com,Dolli.Primalia@gmail.com,doctor,1928-12-21
660,Britni,Pitt,Britni.Pitt@yopmail.com,Britni.Pitt@gmail.com,police officer,1945-12-09
661,Willetta,Sisile,Willetta.Sisile@yopmail.com,Willetta.Sisile@gmail.com,doctor,1932-02-22
662,Etta,Marlie,Etta.Marlie@yopmail.com,Etta.Marlie@gmail.com,doctor,1909-09-01
663,Charmaine,Liva,Charmaine.Liva@yopmail.com,Charmaine.Liva@gmail.com,developer,1972-09-03
664,Brena,Flita,Brena.Flita@yopmail.com,Brena.Flita@gmail.com,developer,1996-09-13
665,Tersina,Harl,Tersina.Harl@yopmail.com,Tersina.Harl@gmail.com,developer,2007-07-04
666,Cindelyn,Bluh,Cindelyn.Bluh@yopmail.com,Cindelyn.Bluh@gmail.com,police officer,1981-08-25
667,Konstance,Tound,Konstance.Tound@yopmail.com,Konstance.Tound@gmail.com,firefighter,1924-12-31
668,Talya,Rogerio,Talya.Rogerio@yopmail.com,Talya.Rogerio@gmail.com,worker,1949-10-21
669,Melanie,Pernick,Melanie.Pernick@yopmail.com,Melanie.Pernick@gmail.com,doctor,2007-07-09
670,Barbara,Lemuela,Barbara.Lemuela@yopmail.com,Barbara.Lemuela@gmail.com,doctor,1957-06-14
671,Pamella,Rese,Pamella.Rese@yopmail.com,Pamella.Rese@gmail.com,developer,1907-01-07
672,Ricky,Fontana,Ricky.Fontana@yopmail.com,Ricky.Fontana@gmail.com,firefighter,1936-12-18
673,Celisse,Sasnett,Celisse.Sasnett@yopmail.com,Celisse.Sasnett@gmail.com,police officer,1947-06-06
674,Brianna,Douglass,Brianna.Douglass@yopmail.com,Brianna.Douglass@gmail.com,firefighter,1909-03-05
675,Blondelle,Waldron,Blondelle.Waldron@yopmail.com,Blondelle.Waldron@gmail.com,police officer,1991-12-04
676,Elora,Wittie,Elora.Wittie@yopmail.com,Elora.Wittie@gmail.com,firefighter,1918-09-24
677,Carree,Curren,Carree.Curren@yopmail.com,Carree.Curren@gmail.com,police officer,1909-12-16
678,Darlleen,Wattenberg,Darlleen.Wattenberg@yopmail.com,Darlleen.Wattenberg@gmail.com,worker,1904-01-21
679,Feliza,Behre,Feliza.Behre@yopmail.com,Feliza.Behre@gmail.com,firefighter,1912-02-27
680,Cyb,Goddard,Cyb.Goddard@yopmail.com,Cyb.Goddard@gmail.com,developer,2019-03-09
681,Arlina,Gilbertson,Arlina.Gilbertson@yopmail.com,Arlina.Gilbertson@gmail.com,worker,2005-04-10
682,Marinna,Kesley,Marinna.Kesley@yopmail.com,Marinna.Kesley@gmail.com,police officer,2017-12-22
683,Dominga,Boehike,Dominga.Boehike@yopmail.com,Dominga.Boehike@gmail.com,developer,1945-11-04
684,Claresta,Fry,Claresta.Fry@yopmail.com,Claresta.Fry@gmail.com,police officer,1987-02-06
685,Nataline,Linskey,Nataline.Linskey@yopmail.com,Nataline.Linskey@gmail.com,firefighter,1936-10-09
686,Merci,Tayib,Merci.Tayib@yopmail.com,Merci.Tayib@gmail.com,worker,1966-07-07
687,Dorene,Garrison,Dorene.Garrison@yopmail.com,Dorene.Garrison@gmail.com,firefighter,1934-05-02
688,Sonni,Auberbach,Sonni.Auberbach@yopmail.com,Sonni.Auberbach@gmail.com,developer,1930-11-19
689,Sherrie,Jillane,Sherrie.Jillane@yopmail.com,Sherrie.Jillane@gmail.com,doctor,2012-08-03
690,Laurene,Soneson,Laurene.Soneson@yopmail.com,Laurene.Soneson@gmail.com,firefighter,1955-11-21
691,Madelle,Maroney,Madelle.Maroney@yopmail.com,Madelle.Maroney@gmail.com,developer,2014-10-12
692,Corly,Cullin,Corly.Cullin@yopmail.com,Corly.Cullin@gmail.com,firefighter,1928-12-04
693,Gwyneth,Korey,Gwyneth.Korey@yopmail.com,Gwyneth.Korey@gmail.com,police officer,1983-04-24
694,Stephanie,Cookie,Stephanie.Cookie@yopmail.com,Stephanie.Cookie@gmail.com,doctor,1937-01-18
695,Glenda,Suk,Glenda.Suk@yopmail.com,Glenda.Suk@gmail.com,developer,1965-08-03
696,Micheline,Cherianne,Micheline.Cherianne@yopmail.com,Micheline.Cherianne@gmail.com,developer,1929-05-06
697,Concettina,Mullane,Concettina.Mullane@yopmail.com,Concettina.Mullane@gmail.com,doctor,1970-06-04
698,Celestyna,Virgin,Celestyna.Virgin@yopmail.com,Celestyna.Virgin@gmail.com,doctor,1985-01-21
699,Rhoda,Reneta,Rhoda.Reneta@yopmail.com,Rhoda.Reneta@gmail.com,doctor,1972-11-06
700,Donnie,Erskine,Donnie.Erskine@yopmail.com,Donnie.Erskine@gmail.com,developer,1913-05-11
701,Cacilie,Gale,Cacilie.Gale@yopmail.com,Cacilie.Gale@gmail.com,worker,1921-08-06
702,Kaja,Hunfredo,Kaja.Hunfredo@yopmail.com,Kaja.Hunfredo@gmail.com,firefighter,1907-08-07
703,Kaia,Gunn,Kaia.Gunn@yopmail.com,Kaia.Gunn@gmail.com,doctor,1993-08-08
704,Zia,Hirsch,Zia.Hirsch@yopmail.com,Zia.Hirsch@gmail.com,police officer,1945-12-19
705,Aigneis,Cordi,Aigneis.Cordi@yopmail.com,Aigneis.Cordi@gmail.com,police officer,1916-04-11
706,Kirstin,Laverne,Kirstin.Laverne@yopmail.com,Kirstin.Laverne@gmail.com,worker,1973-09-30
707,Bibby,Dex,Bibby.Dex@yopmail.com,Bibby.Dex@gmail.com,developer,1979-05-04
708,Hannis,Schonfeld,Hannis.Schonfeld@yopmail.com,Hannis.Schonfeld@gmail.com,developer,1980-12-25
709,Cathie,Corabella,Cathie.Corabella@yopmail.com,Cathie.Corabella@gmail.com,worker,1981-10-09
710,Adelle,Johanna,Adelle.Johanna@yopmail.com,Adelle.Johanna@gmail.com,doctor,1998-10-04
711,Harrietta,Warthman,Harrietta.Warthman@yopmail.com,Harrietta.Warthman@gmail.com,firefighter,1939-04-12
712,Tabbatha,Evvie,Tabbatha.Evvie@yopmail.com,Tabbatha.Evvie@gmail.com,developer,1957-07-07
713,Camile,Orlene,Camile.Orlene@yopmail.com,Camile.Orlene@gmail.com,firefighter,1977-03-02
714,Peri,Dituri,Peri.Dituri@yopmail.com,Peri.Dituri@gmail.com,police officer,1918-06-14
715,Zaria,Brunell,Zaria.Brunell@yopmail.com,Zaria.Brunell@gmail.com,developer,1923-03-10
716,Judy,Birdella,Judy.Birdella@yopmail.com,Judy.Birdella@gmail.com,worker,1993-06-12
717,Aryn,Corabella,Aryn.Corabella@yopmail.com,Aryn.Corabella@gmail.com,developer,1905-07-20
718,Marylou,Craggie,Marylou.Craggie@yopmail.com,Marylou.Craggie@gmail.com,firefighter,1920-05-23
719,Genovera,Urania,Genovera.Urania@yopmail.com,Genovera.Urania@gmail.com,worker,1980-07-30
720,Siana,Reidar,Siana.Reidar@yopmail.com,Siana.Reidar@gmail.com,doctor,1984-02-09
721,Joy,Pulsifer,Joy.Pulsifer@yopmail.com,Joy.Pulsifer@gmail.com,police officer,1951-11-08
722,Kaia,Sherfield,Kaia.Sherfield@yopmail.com,Kaia.Sherfield@gmail.com,police officer,1975-04-23
723,Chere,Means,Chere.Means@yopmail.com,Chere.Means@gmail.com,firefighter,1939-12-06
724,Daryl,Dahlia,Daryl.Dahlia@yopmail.com,Daryl.Dahlia@gmail.com,worker,2005-12-30
725,Larine,Fredi,Larine.Fredi@yopmail.com,Larine.Fredi@gmail.com,police officer,1940-06-13
726,Vonny,Laurianne,Vonny.Laurianne@yopmail.com,Vonny.Laurianne@gmail.com,police officer,1990-01-30
727,Debee,Angelis,Debee.Angelis@yopmail.com,Debee.Angelis@gmail.com,doctor,1972-09-17
728,Yetty,Barney,Yetty.Barney@yopmail.com,Yetty.Barney@gmail.com,worker,1911-07-29
729,Sandie,Vins,Sandie.Vins@yopmail.com,Sandie.Vins@gmail.com,developer,1949-06-19
730,Lynde,Weitman,Lynde.Weitman@yopmail.com,Lynde.Weitman@gmail.com,doctor,2003-03-15
731,Tamqrah,Publia,Tamqrah.Publia@yopmail.com,Tamqrah.Publia@gmail.com,worker,2018-04-07
732,Sallie,Rocray,Sallie.Rocray@yopmail.com,Sallie.Rocray@gmail.com,doctor,2015-07-26
733,Tonia,Stefa,Tonia.Stefa@yopmail.com,Tonia.Stefa@gmail.com,police officer,1958-11-10
734,Blake,Anderea,Blake.Anderea@yopmail.com,Blake.Anderea@gmail.com,police officer,2001-11-03
735,Hallie,Cookie,Hallie.Cookie@yopmail.com,Hallie.Cookie@gmail.com,police officer,1903-10-07
736,Georgetta,Shields,Georgetta.Shields@yopmail.com,Georgetta.Shields@gmail.com,developer,2017-12-22
737,Ellette,Lunsford,Ellette.Lunsford@yopmail.com,Ellette.Lunsford@gmail.com,developer,1993-08-13
738,Ann-Marie,Durware,Ann-Marie.Durware@yopmail.com,Ann-Marie.Durware@gmail.com,worker,1963-04-22
739,Emylee,Christal,Emylee.Christal@yopmail.com,Emylee.Christal@gmail.com,firefighter,2015-10-26
740,Jordan,Sharl,Jordan.Sharl@yopmail.com,Jordan.Sharl@gmail.com,worker,1923-01-20
741,Gertrud,Tamsky,Gertrud.Tamsky@yopmail.com,Gertrud.Tamsky@gmail.com,worker,1975-05-25
742,Hayley,Garlinda,Hayley.Garlinda@yopmail.com,Hayley.Garlinda@gmail.com,police officer,1911-04-26
743,Marika,Trace,Marika.Trace@yopmail.com,Marika.Trace@gmail.com,worker,1958-04-17
744,Lacie,Myrilla,Lacie.Myrilla@yopmail.com,Lacie.Myrilla@gmail.com,developer,1932-11-03
745,Viki,Mitzi,Viki.Mitzi@yopmail.com,Viki.Mitzi@gmail.com,police officer,1936-11-18
746,Magdalena,Fancie,Magdalena.Fancie@yopmail.com,Magdalena.Fancie@gmail.com,firefighter,1902-11-13
747,Jackie,Caitlin,Jackie.Caitlin@yopmail.com,Jackie.Caitlin@gmail.com,firefighter,2017-01-16
748,Cathie,Denis,Cathie.Denis@yopmail.com,Cathie.Denis@gmail.com,firefighter,1947-11-17
749,Linet,Krystle,Linet.Krystle@yopmail.com,Linet.Krystle@gmail.com,developer,1911-05-06
750,Rhoda,Astra,Rhoda.Astra@yopmail.com,Rhoda.Astra@gmail.com,firefighter,2010-10-22
751,Keelia,Sigfrid,Keelia.Sigfrid@yopmail.com,Keelia.Sigfrid@gmail.com,doctor,1968-10-20
752,Leanna,Linskey,Leanna.Linskey@yopmail.com,Leanna.Linskey@gmail.com,doctor,2018-10-16
753,Yvonne,Llovera,Yvonne.Llovera@yopmail.com,Yvonne.Llovera@gmail.com,police officer,1987-04-08
754,Allyce,Bearnard,Allyce.Bearnard@yopmail.com,Allyce.Bearnard@gmail.com,worker,1939-09-11
755,Livvyy,Goth,Livvyy.Goth@yopmail.com,Livvyy.Goth@gmail.com,firefighter,1912-02-13
756,Aurore,Gualtiero,Aurore.Gualtiero@yopmail.com,Aurore.Gualtiero@gmail.com,firefighter,1941-10-16
757,Leontine,Chrystel,Leontine.Chrystel@yopmail.com,Leontine.Chrystel@gmail.com,worker,1939-01-30
758,Gusella,Mike,Gusella.Mike@yopmail.com,Gusella.Mike@gmail.com,worker,2003-03-29
759,Johna,Xerxes,Johna.Xerxes@yopmail.com,Johna.Xerxes@gmail.com,worker,1925-02-19
760,Nadine,Shaddock,Nadine.Shaddock@yopmail.com,Nadine.Shaddock@gmail.com,police officer,1954-10-31
761,Dotty,Wildermuth,Dotty.Wildermuth@yopmail.com,Dotty.Wildermuth@gmail.com,police officer,1908-08-24
762,Ashlee,Decato,Ashlee.Decato@yopmail.com,Ashlee.Decato@gmail.com,firefighter,1928-03-21
763,Carol-Jean,Janene,Carol-Jean.Janene@yopmail.com,Carol-Jean.Janene@gmail.com,police officer,1980-09-02
764,Janis,Aprile,Janis.Aprile@yopmail.com,Janis.Aprile@gmail.com,police officer,1987-12-19
765,Brandise,Caitlin,Brandise.Caitlin@yopmail.com,Brandise.Caitlin@gmail.com,police officer,1984-06-14
766,Brynna,Garbe,Brynna.Garbe@yopmail.com,Brynna.Garbe@gmail.com,firefighter,1961-10-28
767,Farrah,Wittie,Farrah.Wittie@yopmail.com,Farrah.Wittie@gmail.com,firefighter,1952-02-28
768,Jenda,Casimir,Jenda.Casimir@yopmail.com,Jenda.Casimir@gmail.com,worker,2003-02-10
769,Fernande,Kare,Fernande.Kare@yopmail.com,Fernande.Kare@gmail.com,firefighter,1953-04-17
770,Maisey,Sawtelle,Maisey.Sawtelle@yopmail.com,Maisey.Sawtelle@gmail.com,developer,1950-10-26
771,Anestassia,Kussell,Anestassia.Kussell@yopmail.com,Anestassia.Kussell@gmail.com,developer,1964-07-01
772,Agathe,Cimbura,Agathe.Cimbura@yopmail.com,Agathe.Cimbura@gmail.com,doctor,1960-08-15
773,Elyssa,Tristram,Elyssa.Tristram@yopmail.com,Elyssa.Tristram@gmail.com,firefighter,1986-11-05
774,Jorry,Euridice,Jorry.Euridice@yopmail.com,Jorry.Euridice@gmail.com,developer,1956-04-14
775,Gavrielle,Genna,Gavrielle.Genna@yopmail.com,Gavrielle.Genna@gmail.com,developer,2011-11-05
776,Marcelline,Raseda,Marcelline.Raseda@yopmail.com,Marcelline.Raseda@gmail.com,firefighter,1941-01-06
777,Marcy,Harl,Marcy.Harl@yopmail.com,Marcy.Harl@gmail.com,developer,1968-03-07
778,Elbertina,Mullane,Elbertina.Mullane@yopmail.com,Elbertina.Mullane@gmail.com,developer,2001-02-02
779,Peri,Letsou,Peri.Letsou@yopmail.com,Peri.Letsou@gmail.com,police officer,1929-08-27
780,Frieda,Winnick,Frieda.Winnick@yopmail.com,Frieda.Winnick@gmail.com,worker,1912-10-11
781,Kirstin,Dorothy,Kirstin.Dorothy@yopmail.com,Kirstin.Dorothy@gmail.com,police officer,2005-01-17
782,Tiffie,Dawkins,Tiffie.Dawkins@yopmail.com,Tiffie.Dawkins@gmail.com,police officer,1974-08-23
783,Gilda,Gaspard,Gilda.Gaspard@yopmail.com,Gilda.Gaspard@gmail.com,worker,1940-02-19
784,Margalo,Ade,Margalo.Ade@yopmail.com,Margalo.Ade@gmail.com,doctor,2011-07-16
785,Allyce,Swanhildas,Allyce.Swanhildas@yopmail.com,Allyce.Swanhildas@gmail.com,developer,1912-09-29
786,Gwenneth,Ephrem,Gwenneth.Ephrem@yopmail.com,Gwenneth.Ephrem@gmail.com,developer,1964-01-14
787,Paule,Holbrook,Paule.Holbrook@yopmail.com,Paule.Holbrook@gmail.com,worker,2011-03-18
788,Lynnea,Gibbeon,Lynnea.Gibbeon@yopmail.com,Lynnea.Gibbeon@gmail.com,firefighter,1918-05-10
789,Felice,Magdalen,Felice.Magdalen@yopmail.com,Felice.Magdalen@gmail.com,firefighter,1966-02-24
790,Michaelina,Tacye,Michaelina.Tacye@yopmail.com,Michaelina.Tacye@gmail.com,doctor,1968-01-17
791,Stephanie,Nunci,Stephanie.Nunci@yopmail.com,Stephanie.Nunci@gmail.com,police officer,1901-11-13
792,Cherilyn,Voletta,Cherilyn.Voletta@yopmail.com,Cherilyn.Voletta@gmail.com,doctor,1932-07-30
793,Evaleen,Croix,Evaleen.Croix@yopmail.com,Evaleen.Croix@gmail.com,firefighter,1987-02-08
794,Mathilda,Keily,Mathilda.Keily@yopmail.com,Mathilda.Keily@gmail.com,firefighter,2003-05-05
795,Ricky,Dahlia,Ricky.Dahlia@yopmail.com,Ricky.Dahlia@gmail.com,worker,1986-04-02
796,Tressa,Adore,Tressa.Adore@yopmail.com,Tressa.Adore@gmail.com,developer,1976-12-19
797,Chloris,Kenney,Chloris.Kenney@yopmail.com,Chloris.Kenney@gmail.com,developer,1931-05-06
798,Susette,Niles,Susette.Niles@yopmail.com,Susette.Niles@gmail.com,police officer,1914-06-21
799,Peri,Corilla,Peri.Corilla@yopmail.com,Peri.Corilla@gmail.com,doctor,1946-10-30
800,Leia,Sekofski,Leia.Sekofski@yopmail.com,Leia.Sekofski@gmail.com,worker,1988-01-24
801,Julieta,Baudin,Julieta.Baudin@yopmail.com,Julieta.Baudin@gmail.com,developer,1900-06-28
802,Darlleen,Ehrman,Darlleen.Ehrman@yopmail.com,Darlleen.Ehrman@gmail.com,worker,1974-10-18
803,Mireielle,Kenwood,Mireielle.Kenwood@yopmail.com,Mireielle.Kenwood@gmail.com,doctor,1940-12-07
804,Leona,Ruvolo,Leona.Ruvolo@yopmail.com,Leona.Ruvolo@gmail.com,police officer,1913-02-08
805,Jorry,Vilma,Jorry.Vilma@yopmail.com,Jorry.Vilma@gmail.com,firefighter,1967-01-06
806,Paule,Chinua,Paule.Chinua@yopmail.com,Paule.Chinua@gmail.com,doctor,1973-01-03
807,Gratia,Lutero,Gratia.Lutero@yopmail.com,Gratia.Lutero@gmail.com,worker,1994-07-11
808,Collen,Orpah,Collen.Orpah@yopmail.com,Collen.Orpah@gmail.com,worker,2014-09-13
809,Karolina,Myrilla,Karolina.Myrilla@yopmail.com,Karolina.Myrilla@gmail.com,doctor,1962-05-01
810,Kary,Colbert,Kary.Colbert@yopmail.com,Kary.Colbert@gmail.com,doctor,1933-05-28
811,Lolita,Tiffa,Lolita.Tiffa@yopmail.com,Lolita.Tiffa@gmail.com,police officer,1908-01-13
812,Glynnis,Ludewig,Glynnis.Ludewig@yopmail.com,Glynnis.Ludewig@gmail.com,developer,1907-12-23
813,Ayn,Jacqui,Ayn.Jacqui@yopmail.com,Ayn.Jacqui@gmail.com,doctor,2017-05-30
814,Amelia,Ardeha,Amelia.Ardeha@yopmail.com,Amelia.Ardeha@gmail.com,firefighter,2000-07-31
815,Loree,Maroney,Loree.Maroney@yopmail.com,Loree.Maroney@gmail.com,police officer,1955-06-12
816,Feliza,Talia,Feliza.Talia@yopmail.com,Feliza.Talia@gmail.com,firefighter,1959-02-08
817,Tilly,Henrie,Tilly.Henrie@yopmail.com,Tilly.Henrie@gmail.com,developer,1977-09-08
818,Jere,Slifka,Jere.Slifka@yopmail.com,Jere.Slifka@gmail.com,doctor,1904-07-08
819,Kathy,Ventre,Kathy.Ventre@yopmail.com,Kathy.Ventre@gmail.com,police officer,1940-07-11
820,Clementine,Velick,Clementine.Velick@yopmail.com,Clementine.Velick@gmail.com,firefighter,1960-06-26
821,Louella,Dex,Louella.Dex@yopmail.com,Louella.Dex@gmail.com,worker,1936-10-25
822,Odessa,Jalbert,Odessa.Jalbert@yopmail.com,Odessa.Jalbert@gmail.com,worker,1979-10-19
823,Hollie,Ciro,Hollie.Ciro@yopmail.com,Hollie.Ciro@gmail.com,firefighter,1968-08-07
824,Janenna,Christine,Janenna.Christine@yopmail.com,Janenna.Christine@gmail.com,doctor,1974-11-02
825,Tani,Suk,Tani.Suk@yopmail.com,Tani.Suk@gmail.com,developer,1926-09-18
826,Etta,Nerita,Etta.Nerita@yopmail.com,Etta.Nerita@gmail.com,firefighter,1923-04-27
827,Mellicent,Kenwood,Mellicent.Kenwood@yopmail.com,Mellicent.Kenwood@gmail.com,developer,2014-07-30
828,Peri,Creamer,Peri.Creamer@yopmail.com,Peri.Creamer@gmail.com,police officer,1996-02-11
829,Margette,Shaddock,Margette.Shaddock@yopmail.com,Margette.Shaddock@gmail.com,firefighter,1919-02-12
830,Etta,Louanna,Etta.Louanna@yopmail.com,Etta.Louanna@gmail.com,doctor,1903-03-04
831,Jacenta,Kathie,Jacenta.Kathie@yopmail.com,Jacenta.Kathie@gmail.com,developer,1921-04-14
832,Ayn,Hortensia,Ayn.Hortensia@yopmail.com,Ayn.Hortensia@gmail.com,police officer,1957-01-16
833,Jenilee,Gemini,Jenilee.Gemini@yopmail.com,Jenilee.Gemini@gmail.com,worker,1962-09-22
834,Clarice,Rosette,Clarice.Rosette@yopmail.com,Clarice.Rosette@gmail.com,developer,1923-09-09
835,Bobinette,Olnee,Bobinette.Olnee@yopmail.com,Bobinette.Olnee@gmail.com,firefighter,1967-08-02
836,Di,McAdams,Di.McAdams@yopmail.com,Di.McAdams@gmail.com,worker,2000-07-12
837,Wileen,My,Wileen.My@yopmail.com,Wileen.My@gmail.com,firefighter,1906-12-31
838,Atlanta,Sallyann,Atlanta.Sallyann@yopmail.com,Atlanta.Sallyann@gmail.com,worker,1983-03-01
839,Oralee,Love,Oralee.Love@yopmail.com,Oralee.Love@gmail.com,doctor,1907-06-16
840,Cindelyn,Penelopa,Cindelyn.Penelopa@yopmail.com,Cindelyn.Penelopa@gmail.com,doctor,1965-11-17
841,Petronia,Hirsch,Petronia.Hirsch@yopmail.com,Petronia.Hirsch@gmail.com,police officer,1918-10-05
842,Marguerite,Fleeta,Marguerite.Fleeta@yopmail.com,Marguerite.Fleeta@gmail.com,firefighter,1926-07-11
843,Anthia,Zeeba,Anthia.Zeeba@yopmail.com,Anthia.Zeeba@gmail.com,firefighter,2018-01-05
844,Brianna,Ahab,Brianna.Ahab@yopmail.com,Brianna.Ahab@gmail.com,worker,1992-06-23
845,Larine,Brackely,Larine.Brackely@yopmail.com,Larine.Brackely@gmail.com,police officer,1943-09-12
846,Willetta,Kosey,Willetta.Kosey@yopmail.com,Willetta.Kosey@gmail.com,doctor,1935-06-23
847,Roslyn,Mayeda,Roslyn.Mayeda@yopmail.com,Roslyn.Mayeda@gmail.com,firefighter,2010-04-05
848,Riannon,Phyllis,Riannon.Phyllis@yopmail.com,Riannon.Phyllis@gmail.com,police officer,1951-10-29
849,Chastity,Vanni,Chastity.Vanni@yopmail.com,Chastity.Vanni@gmail.com,firefighter,1920-03-31
850,Jolyn,Prober,Jolyn.Prober@yopmail.com,Jolyn.Prober@gmail.com,doctor,1913-08-21
851,Melisent,Libna,Melisent.Libna@yopmail.com,Melisent.Libna@gmail.com,developer,1904-12-28
852,Vere,Halsey,Vere.Halsey@yopmail.com,Vere.Halsey@gmail.com,doctor,2012-07-18
853,Lily,Raimondo,Lily.Raimondo@yopmail.com,Lily.Raimondo@gmail.com,worker,1938-07-24
854,Karena,Norvol,Karena.Norvol@yopmail.com,Karena.Norvol@gmail.com,doctor,2012-02-28
855,Gale,Daegal,Gale.Daegal@yopmail.com,Gale.Daegal@gmail.com,doctor,1909-02-10
856,Wileen,Morehouse,Wileen.Morehouse@yopmail.com,Wileen.Morehouse@gmail.com,police officer,1935-03-23
857,Brynna,Cosenza,Brynna.Cosenza@yopmail.com,Brynna.Cosenza@gmail.com,firefighter,1928-01-17
858,Bernardine,Oneida,Bernardine.Oneida@yopmail.com,Bernardine.Oneida@gmail.com,doctor,1988-03-21
859,Darci,Bronk,Darci.Bronk@yopmail.com,Darci.Bronk@gmail.com,developer,1945-05-07
860,Aurelie,Edvard,Aurelie.Edvard@yopmail.com,Aurelie.Edvard@gmail.com,firefighter,1965-06-16
861,Genovera,Swanhildas,Genovera.Swanhildas@yopmail.com,Genovera.Swanhildas@gmail.com,developer,2007-05-08
862,Betta,Hanleigh,Betta.Hanleigh@yopmail.com,Betta.Hanleigh@gmail.com,firefighter,1959-12-10
863,Lynde,Nunci,Lynde.Nunci@yopmail.com,Lynde.Nunci@gmail.com,developer,1907-08-08
864,Dominga,Bettine,Dominga.Bettine@yopmail.com,Dominga.Bettine@gmail.com,worker,1906-02-06
865,Ernesta,MacIntosh,Ernesta.MacIntosh@yopmail.com,Ernesta.MacIntosh@gmail.com,doctor,1916-11-30
866,Jessamyn,Brian,Jessamyn.Brian@yopmail.com,Jessamyn.Brian@gmail.com,firefighter,1966-10-29
867,Lanna,Philoo,Lanna.Philoo@yopmail.com,Lanna.Philoo@gmail.com,doctor,2002-03-04
868,Valli,Malina,Valli.Malina@yopmail.com,Valli.Malina@gmail.com,doctor,1995-10-26
869,Clementine,Uird,Clementine.Uird@yopmail.com,Clementine.Uird@gmail.com,worker,1991-03-05
870,Elsie,Granoff,Elsie.Granoff@yopmail.com,Elsie.Granoff@gmail.com,police officer,1940-01-06
871,Nollie,Killigrew,Nollie.Killigrew@yopmail.com,Nollie.Killigrew@gmail.com,worker,1930-12-09
872,Bee,Tound,Bee.Tound@yopmail.com,Bee.Tound@gmail.com,firefighter,1975-02-06
873,Leona,Holtz,Leona.Holtz@yopmail.com,Leona.Holtz@gmail.com,worker,2019-01-04
874,Madalyn,Burch,Madalyn.Burch@yopmail.com,Madalyn.Burch@gmail.com,developer,1978-10-04
875,Kaja,Cynar,Kaja.Cynar@yopmail.com,Kaja.Cynar@gmail.com,doctor,1934-02-23
876,Gretal,Maples,Gretal.Maples@yopmail.com,Gretal.Maples@gmail.com,firefighter,1902-06-21
877,Shandie,Goth,Shandie.Goth@yopmail.com,Shandie.Goth@gmail.com,developer,1905-01-26
878,Edith,Wooster,Edith.Wooster@yopmail.com,Edith.Wooster@gmail.com,developer,1969-09-10
879,Ellette,Lay,Ellette.Lay@yopmail.com,Ellette.Lay@gmail.com,worker,1911-09-20
880,Paule,Pip,Paule.Pip@yopmail.com,Paule.Pip@gmail.com,worker,1973-05-26
881,Molli,Marijo,Molli.Marijo@yopmail.com,Molli.Marijo@gmail.com,worker,1936-05-12
882,Iseabal,Howlyn,Iseabal.Howlyn@yopmail.com,Iseabal.Howlyn@gmail.com,firefighter,1995-02-06
883,Dorene,Wilkinson,Dorene.Wilkinson@yopmail.com,Dorene.Wilkinson@gmail.com,developer,1998-09-04
884,Carolina,Astra,Carolina.Astra@yopmail.com,Carolina.Astra@gmail.com,firefighter,1900-11-27
885,Maridel,Arathorn,Maridel.Arathorn@yopmail.com,Maridel.Arathorn@gmail.com,police officer,2013-06-30
886,Phedra,Neils,Phedra.Neils@yopmail.com,Phedra.Neils@gmail.com,worker,1977-05-16
887,Alameda,Bearnard,Alameda.Bearnard@yopmail.com,Alameda.Bearnard@gmail.com,developer,1922-06-13
888,Melodie,Zuzana,Melodie.Zuzana@yopmail.com,Melodie.Zuzana@gmail.com,doctor,2003-10-02
889,Julieta,Alrich,Julieta.Alrich@yopmail.com,Julieta.Alrich@gmail.com,worker,1947-11-12
890,Dania,Connelly,Dania.Connelly@yopmail.com,Dania.Connelly@gmail.com,police officer,1960-05-26
891,Maryellen,Daegal,Maryellen.Daegal@yopmail.com,Maryellen.Daegal@gmail.com,police officer,1908-11-13
892,Claudina,Bultman,Claudina.Bultman@yopmail.com,Claudina.Bultman@gmail.com,worker,2019-06-16
893,Dione,Cyrie,Dione.Cyrie@yopmail.com,Dione.Cyrie@gmail.com,developer,1924-05-07
894,Kittie,Skurnik,Kittie.Skurnik@yopmail.com,Kittie.Skurnik@gmail.com,doctor,1944-09-22
895,Shauna,Eiser,Shauna.Eiser@yopmail.com,Shauna.Eiser@gmail.com,worker,1962-07-15
896,Luci,Concha,Luci.Concha@yopmail.com,Luci.Concha@gmail.com,worker,1932-10-08
897,Magdalena,Clara,Magdalena.Clara@yopmail.com,Magdalena.Clara@gmail.com,worker,1926-03-07
898,Adore,Callista,Adore.Callista@yopmail.com,Adore.Callista@gmail.com,police officer,1925-11-14
899,Goldie,Wenoa,Goldie.Wenoa@yopmail.com,Goldie.Wenoa@gmail.com,worker,1930-01-12
900,Fayre,Suanne,Fayre.Suanne@yopmail.com,Fayre.Suanne@gmail.com,firefighter,1916-07-30
901,Sam,Meli,Sam.Meli@yopmail.com,Sam.Meli@gmail.com,doctor,1901-04-24
902,Tiffie,Philoo,Tiffie.Philoo@yopmail.com,Tiffie.Philoo@gmail.com,doctor,1923-12-28
903,Sue,Leffen,Sue.Leffen@yopmail.com,Sue.Leffen@gmail.com,police officer,1974-05-12
904,Lory,Jorgan,Lory.Jorgan@yopmail.com,Lory.Jorgan@gmail.com,firefighter,1943-11-17
905,Alexine,Laurianne,Alexine.Laurianne@yopmail.com,Alexine.Laurianne@gmail.com,worker,1962-09-12
906,Ardeen,Alva,Ardeen.Alva@yopmail.com,Ardeen.Alva@gmail.com,worker,1964-10-31
907,Violet,Hermes,Violet.Hermes@yopmail.com,Violet.Hermes@gmail.com,worker,1982-04-21
908,Sue,Rillings,Sue.Rillings@yopmail.com,Sue.Rillings@gmail.com,developer,1915-07-30
909,Lanna,Engdahl,Lanna.Engdahl@yopmail.com,Lanna.Engdahl@gmail.com,developer,1916-11-29
910,Moyna,Madaih,Moyna.Madaih@yopmail.com,Moyna.Madaih@gmail.com,police officer,1937-10-23
911,Sherrie,Nisbet,Sherrie.Nisbet@yopmail.com,Sherrie.Nisbet@gmail.com,firefighter,1967-09-26
912,Lynea,Alva,Lynea.Alva@yopmail.com,Lynea.Alva@gmail.com,developer,1918-11-29
913,Monika,Gualtiero,Monika.Gualtiero@yopmail.com,Monika.Gualtiero@gmail.com,firefighter,1987-03-13
914,Wileen,Georas,Wileen.Georas@yopmail.com,Wileen.Georas@gmail.com,worker,1968-07-10
915,Tori,Macey,Tori.Macey@yopmail.com,Tori.Macey@gmail.com,firefighter,1921-08-12
916,Viki,Aaberg,Viki.Aaberg@yopmail.com,Viki.Aaberg@gmail.com,worker,1976-07-12
917,Aimil,Firmin,Aimil.Firmin@yopmail.com,Aimil.Firmin@gmail.com,firefighter,1923-03-02
918,Regina,Parette,Regina.Parette@yopmail.com,Regina.Parette@gmail.com,doctor,1912-08-03
919,Patricia,Pacorro,Patricia.Pacorro@yopmail.com,Patricia.Pacorro@gmail.com,firefighter,1914-03-10
920,Edee,Cordi,Edee.Cordi@yopmail.com,Edee.Cordi@gmail.com,worker,1937-02-16
921,Fanchon,Granoff,Fanchon.Granoff@yopmail.com,Fanchon.Granoff@gmail.com,worker,2014-02-22
922,Henriette,Vale,Henriette.Vale@yopmail.com,Henriette.Vale@gmail.com,developer,1971-02-06
923,Elbertina,Cleo,Elbertina.Cleo@yopmail.com,Elbertina.Cleo@gmail.com,worker,1989-07-24
924,Augustine,Wallis,Augustine.Wallis@yopmail.com,Augustine.Wallis@gmail.com,police officer,1953-10-06
925,Elvira,Munn,Elvira.Munn@yopmail.com,Elvira.Munn@gmail.com,developer,1974-04-30
926,Deedee,Kravits,Deedee.Kravits@yopmail.com,Deedee.Kravits@gmail.com,police officer,1961-11-29
927,Myriam,Wenda,Myriam.Wenda@yopmail.com,Myriam.Wenda@gmail.com,firefighter,1941-06-30
928,Ebonee,Zola,Ebonee.Zola@yopmail.com,Ebonee.Zola@gmail.com,police officer,1972-01-10
929,Robbi,Drisko,Robbi.Drisko@yopmail.com,Robbi.Drisko@gmail.com,firefighter,1909-10-31
930,Dawn,Gwenore,Dawn.Gwenore@yopmail.com,Dawn.Gwenore@gmail.com,doctor,1988-12-31
931,Hayley,Carleen,Hayley.Carleen@yopmail.com,Hayley.Carleen@gmail.com,police officer,1954-04-22
932,Letizia,Mich,Letizia.Mich@yopmail.com,Letizia.Mich@gmail.com,developer,1905-02-04
933,Noelle,Tound,Noelle.Tound@yopmail.com,Noelle.Tound@gmail.com,worker,1967-01-03
934,Carlie,Olin,Carlie.Olin@yopmail.com,Carlie.Olin@gmail.com,firefighter,1965-11-27
935,Alia,Warthman,Alia.Warthman@yopmail.com,Alia.Warthman@gmail.com,firefighter,2008-07-12
936,Janenna,Cullin,Janenna.Cullin@yopmail.com,Janenna.Cullin@gmail.com,worker,1917-03-21
937,Desirae,Sprage,Desirae.Sprage@yopmail.com,Desirae.Sprage@gmail.com,doctor,1957-05-10
938,Consuela,Jaylene,Consuela.Jaylene@yopmail.com,Consuela.Jaylene@gmail.com,firefighter,1936-02-01
939,Sybille,Dimitris,Sybille.Dimitris@yopmail.com,Sybille.Dimitris@gmail.com,doctor,1920-07-27
940,Roz,Dreda,Roz.Dreda@yopmail.com,Roz.Dreda@gmail.com,police officer,1996-02-13
941,Cyndie,Germann,Cyndie.Germann@yopmail.com,Cyndie.Germann@gmail.com,firefighter,1930-09-25
942,Ernesta,Breed,Ernesta.Breed@yopmail.com,Ernesta.Breed@gmail.com,developer,1932-11-11
943,Lynea,Olin,Lynea.Olin@yopmail.com,Lynea.Olin@gmail.com,developer,1905-03-04
944,Sybille,Stilwell,Sybille.Stilwell@yopmail.com,Sybille.Stilwell@gmail.com,doctor,1929-08-28
945,Concettina,Mintz,Concettina.Mintz@yopmail.com,Concettina.Mintz@gmail.com,doctor,1934-07-21
946,Paule,Sherrie,Paule.Sherrie@yopmail.com,Paule.Sherrie@gmail.com,police officer,1966-08-13
947,Corene,Hull,Corene.Hull@yopmail.com,Corene.Hull@gmail.com,firefighter,1922-03-16
948,Di,Pettiford,Di.Pettiford@yopmail.com,Di.Pettiford@gmail.com,doctor,1948-03-20
949,Paola,Virgin,Paola.Virgin@yopmail.com,Paola.Virgin@gmail.com,firefighter,1965-12-02
950,Madelle,Meli,Madelle.Meli@yopmail.com,Madelle.Meli@gmail.com,police officer,2008-01-20
951,Annice,Bivins,Annice.Bivins@yopmail.com,Annice.Bivins@gmail.com,doctor,1956-09-24
952,Dulcinea,Khorma,Dulcinea.Khorma@yopmail.com,Dulcinea.Khorma@gmail.com,developer,2015-06-14
953,Tabbatha,Clie,Tabbatha.Clie@yopmail.com,Tabbatha.Clie@gmail.com,police officer,1978-05-22
954,Nelle,Skurnik,Nelle.Skurnik@yopmail.com,Nelle.Skurnik@gmail.com,developer,1915-11-18
955,Genevra,Friede,Genevra.Friede@yopmail.com,Genevra.Friede@gmail.com,worker,1986-03-26
956,Babita,McGrody,Babita.McGrody@yopmail.com,Babita.McGrody@gmail.com,doctor,1905-07-25
957,Leeanne,Amand,Leeanne.Amand@yopmail.com,Leeanne.Amand@gmail.com,worker,1978-03-07
958,Netty,Miru,Netty.Miru@yopmail.com,Netty.Miru@gmail.com,worker,1905-12-01
959,Lyssa,Colleen,Lyssa.Colleen@yopmail.com,Lyssa.Colleen@gmail.com,firefighter,1934-08-06
960,Valeda,Maiah,Valeda.Maiah@yopmail.com,Valeda.Maiah@gmail.com,doctor,1990-05-06
961,Jobi,Granoff,Jobi.Granoff@yopmail.com,Jobi.Granoff@gmail.com,developer,1997-07-23
962,Annice,Kauppi,Annice.Kauppi@yopmail.com,Annice.Kauppi@gmail.com,police officer,1977-07-02
963,Nessie,Aldric,Nessie.Aldric@yopmail.com,Nessie.Aldric@gmail.com,firefighter,1967-09-11
964,Agnese,Trace,Agnese.Trace@yopmail.com,Agnese.Trace@gmail.com,firefighter,1913-12-19
965,Theodora,Wooster,Theodora.Wooster@yopmail.com,Theodora.Wooster@gmail.com,police officer,1942-12-20
966,Sharlene,Urania,Sharlene.Urania@yopmail.com,Sharlene.Urania@gmail.com,firefighter,2001-09-29
967,Jinny,Azeria,Jinny.Azeria@yopmail.com,Jinny.Azeria@gmail.com,developer,1918-12-29
968,Elka,Shirberg,Elka.Shirberg@yopmail.com,Elka.Shirberg@gmail.com,developer,1992-10-17
969,Ethel,Riordan,Ethel.Riordan@yopmail.com,Ethel.Riordan@gmail.com,doctor,1927-08-19
970,Orsola,Corilla,Orsola.Corilla@yopmail.com,Orsola.Corilla@gmail.com,worker,1915-02-17
971,Kara-Lynn,Tice,Kara-Lynn.Tice@yopmail.com,Kara-Lynn.Tice@gmail.com,worker,1922-05-15
972,Ursulina,Drus,Ursulina.Drus@yopmail.com,Ursulina.Drus@gmail.com,police officer,2004-11-06
973,Florie,Sothena,Florie.Sothena@yopmail.com,Florie.Sothena@gmail.com,police officer,2008-04-06
974,Pamella,Agle,Pamella.Agle@yopmail.com,Pamella.Agle@gmail.com,developer,1949-07-14
975,Sophia,Brady,Sophia.Brady@yopmail.com,Sophia.Brady@gmail.com,police officer,1933-04-20
976,Concettina,Curren,Concettina.Curren@yopmail.com,Concettina.Curren@gmail.com,police officer,1972-01-31
977,Ulrike,Madaih,Ulrike.Madaih@yopmail.com,Ulrike.Madaih@gmail.com,police officer,1934-03-20
978,Carmencita,Erb,Carmencita.Erb@yopmail.com,Carmencita.Erb@gmail.com,doctor,1980-12-19
979,Magdalena,Fax,Magdalena.Fax@yopmail.com,Magdalena.Fax@gmail.com,worker,1917-04-08
980,Harmonia,Freddi,Harmonia.Freddi@yopmail.com,Harmonia.Freddi@gmail.com,developer,2003-01-21
981,Bertine,Helfand,Bertine.Helfand@yopmail.com,Bertine.Helfand@gmail.com,developer,1983-08-12
982,Mamie,Ethban,Mamie.Ethban@yopmail.com,Mamie.Ethban@gmail.com,worker,1939-01-19
983,Heida,Chobot,Heida.Chobot@yopmail.com,Heida.Chobot@gmail.com,firefighter,2019-05-10
984,Lynnea,Medrek,Lynnea.Medrek@yopmail.com,Lynnea.Medrek@gmail.com,developer,1974-12-29
985,Gwenneth,Verger,Gwenneth.Verger@yopmail.com,Gwenneth.Verger@gmail.com,doctor,1983-01-10
986,Kaja,Sinegold,Kaja.Sinegold@yopmail.com,Kaja.Sinegold@gmail.com,developer,1983-02-08
987,Elise,Anton,Elise.Anton@yopmail.com,Elise.Anton@gmail.com,firefighter,1961-07-26
988,Kristina,Pitt,Kristina.Pitt@yopmail.com,Kristina.Pitt@gmail.com,police officer,1973-08-17
989,Britni,Meter,Britni.Meter@yopmail.com,Britni.Meter@gmail.com,police officer,1980-02-14
990,Wilma,Masao,Wilma.Masao@yopmail.com,Wilma.Masao@gmail.com,doctor,1968-11-21
991,Nonnah,Jerold,Nonnah.Jerold@yopmail.com,Nonnah.Jerold@gmail.com,developer,1975-03-19
992,Fanchon,Peg,Fanchon.Peg@yopmail.com,Fanchon.Peg@gmail.com,firefighter,1985-03-16
993,Kellen,Thornburg,Kellen.Thornburg@yopmail.com,Kellen.Thornburg@gmail.com,developer,1919-11-29
994,Arabel,Krystle,Arabel.Krystle@yopmail.com,Arabel.Krystle@gmail.com,doctor,1945-12-21
995,Shel,Euridice,Shel.Euridice@yopmail.com,Shel.Euridice@gmail.com,firefighter,2005-08-13
996,Brana,Kalinda,Brana.Kalinda@yopmail.com,Brana.Kalinda@gmail.com,doctor,1971-02-15
997,Kathi,Friede,Kathi.Friede@yopmail.com,Kathi.Friede@gmail.com,developer,1936-09-08
998,Britni,Chandler,Britni.Chandler@yopmail.com,Britni.Chandler@gmail.com,worker,2007-02-04
999,Charlena,Sinegold,Charlena.Sinegold@yopmail.com,Charlena.Sinegold@gmail.com,police officer,1917-09-20
1000,Fredericka,Blase,Fredericka.Blase@yopmail.com,Fredericka.Blase@gmail.com,worker,1912-03-26
1001,Phedra,Ralfston,Phedra.Ralfston@yopmail.com,Phedra.Ralfston@gmail.com,police officer,1911-10-11
1002,Gilda,Thema,Gilda.Thema@yopmail.com,Gilda.Thema@gmail.com,worker,1903-04-15
1003,Ernesta,Shaver,Ernesta.Shaver@yopmail.com,Ernesta.Shaver@gmail.com,firefighter,1965-11-11
1004,Marnia,Iphlgenia,Marnia.Iphlgenia@yopmail.com,Marnia.Iphlgenia@gmail.com,police officer,1988-10-15
1005,Aaren,Timon,Aaren.Timon@yopmail.com,Aaren.Timon@gmail.com,doctor,1979-06-02
1006,Misha,Wilona,Misha.Wilona@yopmail.com,Misha.Wilona@gmail.com,doctor,1981-03-08
1007,Alameda,Zuzana,Alameda.Zuzana@yopmail.com,Alameda.Zuzana@gmail.com,police officer,1980-06-06
1008,Johna,Marisa,Johna.Marisa@yopmail.com,Johna.Marisa@gmail.com,police officer,1990-07-11
1009,Frank,Charmine,Frank.Charmine@yopmail.com,Frank.Charmine@gmail.com,worker,2011-11-01
1010,Gloria,Gale,Gloria.Gale@yopmail.com,Gloria.Gale@gmail.com,worker,1965-08-24
1011,Joelly,Schonfeld,Joelly.Schonfeld@yopmail.com,Joelly.Schonfeld@gmail.com,worker,1900-04-13
1012,Dominga,Santoro,Dominga.Santoro@yopmail.com,Dominga.Santoro@gmail.com,developer,1915-03-19
1013,Elka,Harriman,Elka.Harriman@yopmail.com,Elka.Harriman@gmail.com,worker,1935-02-08
1014,Lenna,Saint,Lenna.Saint@yopmail.com,Lenna.Saint@gmail.com,firefighter,1913-04-16
1015,Jenda,Nore,Jenda.Nore@yopmail.com,Jenda.Nore@gmail.com,police officer,1970-05-06
1016,Lorenza,Cleo,Lorenza.Cleo@yopmail.com,Lorenza.Cleo@gmail.com,police officer,1983-11-02
1017,Pollyanna,Doig,Pollyanna.Doig@yopmail.com,Pollyanna.Doig@gmail.com,developer,1903-06-10
1018,Cassandra,Pandolfi,Cassandra.Pandolfi@yopmail.com,Cassandra.Pandolfi@gmail.com,firefighter,1920-02-28
1019,Liana,Mullane,Liana.Mullane@yopmail.com,Liana.Mullane@gmail.com,doctor,1909-12-01
1020,Nollie,Anton,Nollie.Anton@yopmail.com,Nollie.Anton@gmail.com,doctor,1948-07-02
1021,Bernie,Standing,Bernie.Standing@yopmail.com,Bernie.Standing@gmail.com,police officer,2016-11-02
1022,Quintina,Johanna,Quintina.Johanna@yopmail.com,Quintina.Johanna@gmail.com,doctor,2017-08-31
1023,Jordan,Etom,Jordan.Etom@yopmail.com,Jordan.Etom@gmail.com,developer,1902-12-20
1024,Jerry,Esmaria,Jerry.Esmaria@yopmail.com,Jerry.Esmaria@gmail.com,firefighter,2014-05-22
1025,Quintina,Mitzi,Quintina.Mitzi@yopmail.com,Quintina.Mitzi@gmail.com,police officer,1901-02-04
1026,Nollie,Plato,Nollie.Plato@yopmail.com,Nollie.Plato@gmail.com,police officer,1985-12-03
1027,Cam,Louanna,Cam.Louanna@yopmail.com,Cam.Louanna@gmail.com,developer,1991-01-27
1028,Miquela,Dalli,Miquela.Dalli@yopmail.com,Miquela.Dalli@gmail.com,worker,1997-05-29
1029,Brianna,Hortensia,Brianna.Hortensia@yopmail.com,Brianna.Hortensia@gmail.com,police officer,2002-07-03
1030,Carlie,Willie,Carlie.Willie@yopmail.com,Carlie.Willie@gmail.com,doctor,1979-10-20
1031,Ivett,Hartnett,Ivett.Hartnett@yopmail.com,Ivett.Hartnett@gmail.com,firefighter,1918-05-12
1032,Cassandra,Wittie,Cassandra.Wittie@yopmail.com,Cassandra.Wittie@gmail.com,police officer,1987-01-29
1033,Berget,Elisha,Berget.Elisha@yopmail.com,Berget.Elisha@gmail.com,worker,1939-08-16
1034,Candi,Dreda,Candi.Dreda@yopmail.com,Candi.Dreda@gmail.com,firefighter,1989-10-15
1035,Fanny,Helfand,Fanny.Helfand@yopmail.com,Fanny.Helfand@gmail.com,developer,1910-08-26
1036,Estell,Oscar,Estell.Oscar@yopmail.com,Estell.Oscar@gmail.com,firefighter,1920-01-20
1037,Keelia,Carlson,Keelia.Carlson@yopmail.com,Keelia.Carlson@gmail.com,worker,1907-02-12
1038,Shell,Cimbura,Shell.Cimbura@yopmail.com,Shell.Cimbura@gmail.com,developer,1946-03-11
1039,Dotty,Madaih,Dotty.Madaih@yopmail.com,Dotty.Madaih@gmail.com,worker,1990-03-11
1040,Gilda,Ephrem,Gilda.Ephrem@yopmail.com,Gilda.Ephrem@gmail.com,doctor,1945-10-22
1041,Marcy,Cristi,Marcy.Cristi@yopmail.com,Marcy.Cristi@gmail.com,worker,1937-11-08
1042,Goldie,Curren,Goldie.Curren@yopmail.com,Goldie.Curren@gmail.com,doctor,1956-10-24
1043,Estell,Fosque,Estell.Fosque@yopmail.com,Estell.Fosque@gmail.com,firefighter,1990-02-20
1044,Paulita,Schroth,Paulita.Schroth@yopmail.com,Paulita.Schroth@gmail.com,developer,1905-11-12
1045,Myrtice,Liva,Myrtice.Liva@yopmail.com,Myrtice.Liva@gmail.com,worker,2005-02-28
1046,Jillayne,Fitzsimmons,Jillayne.Fitzsimmons@yopmail.com,Jillayne.Fitzsimmons@gmail.com,doctor,1979-12-28
1047,Amalie,Milson,Amalie.Milson@yopmail.com,Amalie.Milson@gmail.com,police officer,1929-05-07
1048,Priscilla,McCutcheon,Priscilla.McCutcheon@yopmail.com,Priscilla.McCutcheon@gmail.com,worker,1915-09-13
1049,Paola,Even,Paola.Even@yopmail.com,Paola.Even@gmail.com,worker,1954-03-02
1050,Meghann,Justinn,Meghann.Justinn@yopmail.com,Meghann.Justinn@gmail.com,police officer,1952-04-25
1051,Nikki,Sidonius,Nikki.Sidonius@yopmail.com,Nikki.Sidonius@gmail.com,doctor,1954-03-27
1052,Lacie,Middleton,Lacie.Middleton@yopmail.com,Lacie.Middleton@gmail.com,developer,1999-05-20
1053,Nerta,Mozelle,Nerta.Mozelle@yopmail.com,Nerta.Mozelle@gmail.com,firefighter,2011-06-19
1054,Lusa,Brodench,Lusa.Brodench@yopmail.com,Lusa.Brodench@gmail.com,worker,1983-12-31
1055,Britni,Eno,Britni.Eno@yopmail.com,Britni.Eno@gmail.com,developer,1977-11-05
1056,Yolane,Raimondo,Yolane.Raimondo@yopmail.com,Yolane.Raimondo@gmail.com,firefighter,1958-09-02
1057,Stacey,Alwin,Stacey.Alwin@yopmail.com,Stacey.Alwin@gmail.com,doctor,1990-09-24
1058,Lorie,Carvey,Lorie.Carvey@yopmail.com,Lorie.Carvey@gmail.com,firefighter,1977-05-29
1059,Celene,Phaidra,Celene.Phaidra@yopmail.com,Celene.Phaidra@gmail.com,firefighter,2005-06-30
1060,Selia,Afton,Selia.Afton@yopmail.com,Selia.Afton@gmail.com,police officer,1980-09-19
1061,Krystle,Anastatius,Krystle.Anastatius@yopmail.com,Krystle.Anastatius@gmail.com,worker,2015-09-23
1062,Bobinette,Riva,Bobinette.Riva@yopmail.com,Bobinette.Riva@gmail.com,police officer,1905-08-31
1063,Frieda,Gahl,Frieda.Gahl@yopmail.com,Frieda.Gahl@gmail.com,police officer,1931-09-17
1064,Caressa,Prober,Caressa.Prober@yopmail.com,Caressa.Prober@gmail.com,firefighter,2009-02-03
1065,Lindie,Ioab,Lindie.Ioab@yopmail.com,Lindie.Ioab@gmail.com,doctor,2010-10-26
1066,Annabela,Alcott,Annabela.Alcott@yopmail.com,Annabela.Alcott@gmail.com,doctor,1946-08-24
1067,Gusella,Brandice,Gusella.Brandice@yopmail.com,Gusella.Brandice@gmail.com,firefighter,1994-12-01
1068,Carol-Jean,Rhu,Carol-Jean.Rhu@yopmail.com,Carol-Jean.Rhu@gmail.com,developer,1949-10-30
1069,Mallory,Seligman,Mallory.Seligman@yopmail.com,Mallory.Seligman@gmail.com,doctor,1944-05-19
1070,Ebonee,Emmaline,Ebonee.Emmaline@yopmail.com,Ebonee.Emmaline@gmail.com,developer,1930-08-12
1071,Jean,Rudolph,Jean.Rudolph@yopmail.com,Jean.Rudolph@gmail.com,doctor,1963-03-16
1072,Nickie,Honoria,Nickie.Honoria@yopmail.com,Nickie.Honoria@gmail.com,developer,1968-07-06
1073,Louella,Gilbertson,Louella.Gilbertson@yopmail.com,Louella.Gilbertson@gmail.com,firefighter,1916-05-05
1074,Konstance,Sallyann,Konstance.Sallyann@yopmail.com,Konstance.Sallyann@gmail.com,firefighter,1925-10-07
1075,Rosabelle,Christal,Rosabelle.Christal@yopmail.com,Rosabelle.Christal@gmail.com,doctor,1952-09-29
1076,Adore,Olin,Adore.Olin@yopmail.com,Adore.Olin@gmail.com,worker,1923-03-17
1077,Sam,An,Sam.An@yopmail.com,Sam.An@gmail.com,developer,1925-09-29
1078,Patricia,Fax,Patricia.Fax@yopmail.com,Patricia.Fax@gmail.com,developer,1980-05-04
1079,Kirstin,Maroney,Kirstin.Maroney@yopmail.com,Kirstin.Maroney@gmail.com,developer,1961-07-31
1080,Talya,Albertine,Talya.Albertine@yopmail.com,Talya.Albertine@gmail.com,firefighter,1936-08-01
1081,Ricky,Ivens,Ricky.Ivens@yopmail.com,Ricky.Ivens@gmail.com,developer,2013-09-26
1082,Nananne,Merriott,Nananne.Merriott@yopmail.com,Nananne.Merriott@gmail.com,worker,1917-06-18
1083,Beatriz,Ricarda,Beatriz.Ricarda@yopmail.com,Beatriz.Ricarda@gmail.com,worker,1975-04-13
1084,Riannon,Fancie,Riannon.Fancie@yopmail.com,Riannon.Fancie@gmail.com,police officer,2002-07-13
1085,Charissa,Thema,Charissa.Thema@yopmail.com,Charissa.Thema@gmail.com,developer,1934-02-15
1086,Amii,Jefferey,Amii.Jefferey@yopmail.com,Amii.Jefferey@gmail.com,police officer,1926-09-14
1087,Damaris,Barbey,Damaris.Barbey@yopmail.com,Damaris.Barbey@gmail.com,police officer,1997-08-09
1088,Roz,Amadas,Roz.Amadas@yopmail.com,Roz.Amadas@gmail.com,police officer,1910-05-09
1089,Kimberley,Douglass,Kimberley.Douglass@yopmail.com,Kimberley.Douglass@gmail.com,police officer,1937-04-30
1090,Joeann,McAdams,Joeann.McAdams@yopmail.com,Joeann.McAdams@gmail.com,doctor,1904-07-25
1091,Josephine,Adlare,Josephine.Adlare@yopmail.com,Josephine.Adlare@gmail.com,firefighter,1941-07-04
1092,Augustine,Fosque,Augustine.Fosque@yopmail.com,Augustine.Fosque@gmail.com,firefighter,1935-10-30
1093,Paule,Carvey,Paule.Carvey@yopmail.com,Paule.Carvey@gmail.com,doctor,1917-07-07
1094,Glynnis,Mozelle,Glynnis.Mozelle@yopmail.com,Glynnis.Mozelle@gmail.com,firefighter,1975-05-31
1095,Harmonia,Aprile,Harmonia.Aprile@yopmail.com,Harmonia.Aprile@gmail.com,doctor,1916-07-16
1096,Allis,Wilkinson,Allis.Wilkinson@yopmail.com,Allis.Wilkinson@gmail.com,developer,1965-08-21
1097,Bibby,Korey,Bibby.Korey@yopmail.com,Bibby.Korey@gmail.com,police officer,1963-12-12
1098,Tierney,Maiah,Tierney.Maiah@yopmail.com,Tierney.Maiah@gmail.com,doctor,1958-06-29
1099,Rosabelle,Dannye,Rosabelle.Dannye@yopmail.com,Rosabelle.Dannye@gmail.com,worker,1952-11-17